name,race,gender
Abrahao Farc,White_Caucasian,male
Ada Chaseliov,White_Caucasian,female
Adelio Lima,Latino_Hispanic,male
Adilson Magha,White_Caucasian,male
Adriana Alves,Black_African_descent,female
Adriana Birolli,White_Caucasian,female
Adriana Esteves,White_Caucasian,female
Adriana Garambone,White_Caucasian,female
Adriana Lessa,Black_African_descent,female
Adriana Tolentino,White_Caucasian,female
Adriane Galisteu,White_Caucasian,female
Adriano Bolshi,Latino_Hispanic,male
Adriano Garib,White_Caucasian,male
Adriano Reys,White_Caucasian,male
Adriano Toloza,White_Caucasian,male
Agles Steib,White_Caucasian,female
Aimee Ubacker,Black_African_descent,female
Aisha Jambo,Black_African_descent,female
Alana Cabral,Latino_Hispanic,female
Alby Ramos,White_Caucasian,male
Alejandro Claveaux,White_Caucasian,male
Alessandra Ambrosio,White_Caucasian,female
Alessandra Maestrini,White_Caucasian,female
Alessandra Negrini,White_Caucasian,female
Alessandro Moussa,Latino_Hispanic,male
Alessandro Tcche,Latino_Hispanic,male
Alex Brasil,East_Indian,male
Alex Patricio,Latino_Hispanic,female
Alexander Sil,Black_African_descent,male
Alexandra Martins,Black_African_descent,male
Alexandra Richter,White_Caucasian,female
Alexandre Barbalho,Latino_Hispanic,female
Alexandre Barillari,White_Caucasian,male
Alexandre Barros,White_Caucasian,male
Alexandre Borges,White_Caucasian,male
Alexandre Cioletti,White_Caucasian,male
Alexandre Damascena,Asian,male
Alexandre David,Latino_Hispanic,male
Alexandre Lemos,White_Caucasian,male
Alexandre Liuzzi,White_Caucasian,male
Alexandre Moreno,White_Caucasian,male
Alexandre Nero,White_Caucasian,male
Alexandre Rodrigues,Black_African_descent,male
Alexandre Schumacher,Latino_Hispanic,male
Alexandre Slavieiro,White_Caucasian,male
Alexandre Slaviero,White_Caucasian,male
Alexandro Malvao,Latino_Hispanic,male
Alfredo Castro,White_Caucasian,male
Alice Assef,Latino_Hispanic,female
Alice Borges,White_Caucasian,female
Alice Coelho,White_Caucasian,female
Alice Morena,Latino_Hispanic,male
Alice Sigmaringa,Black_African_descent,female
Alice Wegmann,White_Caucasian,female
Aline Aguiar,White_Caucasian,female
Aline Borges,Latino_Hispanic,female
Aline Dias,Latino_Hispanic,female
Aline Fanju,White_Caucasian,female
Aline Peixoto,White_Caucasian,female
Aline Xavier,Latino_Hispanic,female
Alinne Moraes,Latino_Hispanic,female
Aloisio de Abreu,Latino_Hispanic,male
Amanda Azevedo,Black_African_descent,female
Amanda de Godoi,White_Caucasian,female
Amanda Mirasci,White_Caucasian,female
Amanda Richter,Latino_Hispanic,female
Amandha Lee,Latino_Hispanic,female
Amauri Reis,White_Caucasian,male
Amir Haddad,White_Caucasian,male
Ana Barroso,White_Caucasian,female
Ana Beatriz Cisneiros,Latino_Hispanic,female
Ana Beatriz Nogueira,White_Caucasian,female
Ana Botafogo,White_Caucasian,female
Ana Carbatti,Latino_Hispanic,female
Ana Carolina Dias,Latino_Hispanic,female
Ana Carolina Godoy,White_Caucasian,female
Ana Cecilia Costa,Latino_Hispanic,female
Ana Clara Couto,Black_African_descent,female
Ana Flavia Cavalcanti,Latino_Hispanic,female
Ana Flavia Cavalcanti,Latino_Hispanic,female
Ana Furtado,White_Caucasian,female
Ana Giulia Zortea,White_Caucasian,female
Ana Isabela Godinho,Latino_Hispanic,female
Ana Karolina Lannes,Latino_Hispanic,female
Ana Kutner,White_Caucasian,female
Ana Lima,Asian,female
Ana Luiza Garritano,Latino_Hispanic,female
Ana Lucia Torre,Latino_Hispanic,female
Ana Miranda,Black_African_descent,female
Ana Paula Arosio,White_Caucasian,female
Ana Paula Botelho,Latino_Hispanic,female
Ana Paula Bouzas,Latino_Hispanic,female
Ana Paula Lopes,Latino_Hispanic,female
Ana Paula Novellino,White_Caucasian,female
Ana Petta,White_Caucasian,female
Ana Rios,White_Caucasian,female
Ana Rosa,Latino_Hispanic,female
Ana Terra Blanco,Latino_Hispanic,female
Anaju Dorigon,White_Caucasian,female
Analu Prestes,Asian,female
Ananda Ismail,White_Caucasian,female
Anderson Di Rizzi,Latino_Hispanic,male
Anderson Lau,Asian,male
Anderson Muller,White_Caucasian,male
Anderson Tomazini,East_Indian,male
Andrea Dantas,Latino_Hispanic,female
Andreia Horta,White_Caucasian,female
Andrew Vieira,Black_African_descent,male
Andre Abujamra,White_Caucasian,male
Andre Arteche,White_Caucasian,male
Andre Bankoff,White_Caucasian,male
Andre Barros,White_Caucasian,male
Andre Bicudo,White_Caucasian,male
Andre Cidade,White_Caucasian,male
Andre Dias,White_Caucasian,male
Andre Frateschi,White_Caucasian,male
Andre Garolli,White_Caucasian,male
Andre Goncalves,White_Caucasian,male
Andre Junqueira,White_Caucasian,male
Andre Loddi,White_Caucasian,male
Andre Luiz Frambach,White_Caucasian,male
Andre Luiz Miranda,Black_African_descent,female
Andre Mattos,Latino_Hispanic,male
Andre Rebustini,White_Caucasian,male
Andre Valli,White_Caucasian,male
Andrea Avancini,Latino_Hispanic,female
Andrea Bassit,Latino_Hispanic,female
Andrea Beltrao,Latino_Hispanic,male
Andrea Dantas,White_Caucasian,female
Andrea Leal,White_Caucasian,female
Andy Gercker,White_Caucasian,male
Angela Rebello,White_Caucasian,female
Angelina Muniz,Latino_Hispanic,female
Angelita Feijo,White_Caucasian,female
Aninha Lima,Latino_Hispanic,female
Anja Bittencourt,Latino_Hispanic,female
Anna Cotrim,White_Caucasian,female
Anna Rita Cerqueira,Latino_Hispanic,female
Anna Sophia Folch,Latino_Hispanic,female
Anselmo Vasconcelos,Latino_Hispanic,male
Anthero Montenegro,White_Caucasian,male
Antonio Calloni,White_Caucasian,male
Antonio Pitanga,Latino_Hispanic,female
Antonia Fontenelle,Latino_Hispanic,female
Antonia Frering,Latino_Hispanic,female
Antonia Morais,Latino_Hispanic,female
Antonio Calloni,White_Caucasian,male
Antonio Carlos Bernardes,Latino_Hispanic,male
Antonio Carlos Feio,Latino_Hispanic,male
Antonio Carlos,Latino_Hispanic,male
Antonio Fagundes,White_Caucasian,male
Antonio Firmino,Black_African_descent,male
Antonio Fragoso,White_Caucasian,male
Antonio Fabio,White_Caucasian,male
Antonio Grassi,Latino_Hispanic,male
Antonio Karnewale,White_Caucasian,male
Antonio Petrin,White_Caucasian,male
Antonio Pitanga,Black_African_descent,male
Aparecida Petrowky,Black_African_descent,female
Apolo Sardinha,East_Indian,male
Araci Esteves,White_Caucasian,female
Aracy Balabanian,Latino_Hispanic,female
Aramis Trindade,White_Caucasian,male
Arianne Botelho,White_Caucasian,male
Ariela Massoti,White_Caucasian,female
Ariela Massotti,White_Caucasian,female
Arieta Correa,Latino_Hispanic,female
Arilson Lopes,White_Caucasian,male
Arlete Heringer,Latino_Hispanic,female
Arlete Montenegro,White_Caucasian,female
Arlete Sales,Latino_Hispanic,female
Arlete Salles,Latino_Hispanic,female
Arlindo Lopes,Latino_Hispanic,male
Armando Babaioff,Latino_Hispanic,male
Arthur Aguiar,White_Caucasian,male
Arthur Lopes,White_Caucasian,male
Arthur Sales,White_Caucasian,male
Ary Fontoura,White_Caucasian,male
Ary Franca,White_Caucasian,male
Atriz infantil,Asian,female
Augusto Breton,Latino_Hispanic,male
Ayumi Irie,Latino_Hispanic,male
Ailton Graca,Black_African_descent,male
Babi Xavier,White_Caucasian,female
Barbara Franca,Latino_Hispanic,female
Bartolomeu Guerrero,Latino_Hispanic,female
Beatriz Campos,Latino_Hispanic,female
Beatriz Lyra,White_Caucasian,female
Beatriz Segall,White_Caucasian,female
Beatriz Tragtenberg,Latino_Hispanic,female
Bege Muniz,Latino_Hispanic,male
Bel Kowarick,White_Caucasian,female
Bel Kutner,Latino_Hispanic,female
Bel Wilker,White_Caucasian,female
Bella Piero,Latino_Hispanic,female
Bento Ribeiro,Latino_Hispanic,male
Bernadete Araujo,White_Caucasian,female
Bernadeth Lyzio,White_Caucasian,male
Bernardo Berruezo,White_Caucasian,male
Bernardo Castro Alves,White_Caucasian,male
Bernardo Marinho,White_Caucasian,male
Bernardo Simoes,Latino_Hispanic,male
Berta Loran,Latino_Hispanic,female
Bete Coelho,Latino_Hispanic,female
Bete Mendes,Latino_Hispanic,female
Beth Goulart,Latino_Hispanic,female
Beth Lamas,Latino_Hispanic,female
Beth Zalcman,White_Caucasian,female
Betito Tavares,Latino_Hispanic,female
Beto Vandesteen,Latino_Hispanic,female
Betto Marque,White_Caucasian,male
Betty Faria,White_Caucasian,female
Betty Goffman,White_Caucasian,female
Betty Gofman,White_Caucasian,female
Betty Lago,Asian,female
Bia Arantes,White_Caucasian,female
Bia Guedes,White_Caucasian,female
Bia Montez,White_Caucasian,female
Bia Mussi,Latino_Hispanic,female
Bia Nunnes,Latino_Hispanic,female
Bia Passos,White_Caucasian,female
Bia Petrenchunk,White_Caucasian,female
Bia Seidl,Latino_Hispanic,female
Bia Sion,Latino_Hispanic,female
Bianca Bin,White_Caucasian,female
Bianca Byington,Latino_Hispanic,female
Bianca Castanho,White_Caucasian,female
Bianca Comparato,White_Caucasian,female
Bianca Muller,White_Caucasian,female
Bianca Muller,White_Caucasian,female
Bianca Rinaldi,White_Caucasian,female
Bianca Salgueiro,White_Caucasian,female
Blaise Musipere,Black_African_descent,male
Branca Previliato,White_Caucasian,male
Brenda Diniz,White_Caucasian,female
Brendha Haddad,Latino_Hispanic,female
Brenno Leone,White_Caucasian,male
Breno Delatorre,White_Caucasian,male
Breno Nina,White_Caucasian,male
Bruce Gomlevsky,White_Caucasian,male
Bruna Aiiso,Latino_Hispanic,female
Bruna di Tullio,White_Caucasian,female
Bruna Faria,Latino_Hispanic,female
Bruna Griphao,White_Caucasian,female
Bruna Hamu,Latino_Hispanic,female
Bruna Inocencio,Latino_Hispanic,female
Bruna Linzmeyer,White_Caucasian,female
Bruna Marquezine,Latino_Hispanic,female
Bruna Spinola,White_Caucasian,female
Brunno Abrahao,Latino_Hispanic,female
Bruno Bevan,White_Caucasian,male
Bruno Bezerra,White_Caucasian,male
Bruno Cariati,Latino_Hispanic,female
Bruno Cariatti,White_Caucasian,female
Bruno Costa,White_Caucasian,male
Bruno Fagundes,Latino_Hispanic,male
Bruno Ferrari,White_Caucasian,male
Bruno Gagliasso,White_Caucasian,male
Bruno Garcia,Latino_Hispanic,male
Bruno Giordano,Latino_Hispanic,male
Bruno Gissoni,Latino_Hispanic,male
Bruno Gradim,White_Caucasian,male
Bruno Mazzeo,Latino_Hispanic,male
Bruno Montaleone,White_Caucasian,male
Bruno Nunes,Latino_Hispanic,male
Bruno Padilha,White_Caucasian,male
Bruno Pereira,White_Caucasian,male
Bruno Perillo,White_Caucasian,male
Bruno Udovic,East_Indian,male
Bukassa Kabengele,Black_African_descent,male
Buza Ferraz,Latino_Hispanic,male
Barbara Borges,White_Caucasian,female
Barbara Maia,White_Caucasian,female
Barbara Paz,White_Caucasian,female
Barbara Reis,East_Indian,female
Cacau Mello,Latino_Hispanic,female
Cacau Melo,Latino_Hispanic,female
Cacau Protasio,Black_African_descent,female
Caco Baresi,Latino_Hispanic,male
Caco Ciocler,White_Caucasian,male
Caca Bueno,Latino_Hispanic,female
Caca Carvalho,Latino_Hispanic,male
Caca Ottoni,White_Caucasian,female
Cadu Libonati,White_Caucasian,male
Cadu Paschoal,Latino_Hispanic,male
Caetano O Maihlan,White_Caucasian,male
Caio Blat,Latino_Hispanic,male
Caio Cabral,Black_African_descent,male
Caio Castro,White_Caucasian,male
Caio Junqueira,White_Caucasian,male
Caio Manhente,White_Caucasian,male
Caio Paduan,White_Caucasian,male
Caio Vaz,White_Caucasian,male
Caio Vydal,White_Caucasian,male
Camila Amado,White_Caucasian,female
Camila Chiba,Asian,female
Camila Lucciola,Black_African_descent,female
Camila Morgado,White_Caucasian,female
Camila Mardila,White_Caucasian,female
Camila Pitanga,Latino_Hispanic,female
Camila Queiroz,Latino_Hispanic,female
Camila Rodrigues,Latino_Hispanic,female
Camilla Carandino,White_Caucasian,male
Camilla Farias,White_Caucasian,female
Camille Hess,Latino_Hispanic,female
Carina Porto,Latino_Hispanic,female
Carl Schumacher,White_Caucasian,male
Carla Andrino,White_Caucasian,female
Carla Cabral,White_Caucasian,female
Carla Cristina Cardoso,Black_African_descent,female
Carla Daniel,Latino_Hispanic,female
Carla Diaz,White_Caucasian,female
Carla Faour,Latino_Hispanic,female
Carla Lamarca,White_Caucasian,female
Carla Marins,Latino_Hispanic,female
Carla Salle,Latino_Hispanic,female
Carlo Porto,Asian,male
Carlos Betao,Latino_Hispanic,male
Carlos Bonow,White_Caucasian,male
Carlos Casagrande,White_Caucasian,male
Carlos Evelyn,Latino_Hispanic,female
Carlos Machado,White_Caucasian,male
Carlos Takeshi,Asian,male
Carlos Vereza,White_Caucasian,male
Carmem Silva,White_Caucasian,female
Carmem Veronica,White_Caucasian,female
Carmen Frenzel,White_Caucasian,female
Carmo Dalla Vecchia,Latino_Hispanic,male
Carol Abras,White_Caucasian,female
Carol Castro,East_Indian,female
Carol Duarte,White_Caucasian,female
Carol Fazu,White_Caucasian,female
Carol Fazu,White_Caucasian,female
Carol Garcia,White_Caucasian,female
Carol Macedo,Latino_Hispanic,female
Carol Machado,Latino_Hispanic,female
Carol Murai,East_Indian,female
Carol Nakamura,Asian,female
Carol Rainato,White_Caucasian,female
Carolina Bezerra,Black_African_descent,female
Carolina Chalita,Latino_Hispanic,female
Carolina Dieckmann,White_Caucasian,female
Carolina Ferman,White_Caucasian,female
Carolina Ferraz,Latino_Hispanic,female
Carolina Kasting,White_Caucasian,female
Carolina Loback,East_Indian,male
Carolina Lopez,White_Caucasian,female
Carolina Macieira,Latino_Hispanic,female
Carolina Magalhaes,East_Indian,female
Carolina Oliveira,East_Indian,female
Carolina Pismel,White_Caucasian,female
Caroline Smith,White_Caucasian,female
Caroline Verban,Latino_Hispanic,female
Carolinie Figueiredo,White_Caucasian,female
Carolyna Aguiar,White_Caucasian,female
Cassiano Carneiro,Latino_Hispanic,male
Cassio Scapin,Latino_Hispanic,male
Catarina Abdala,White_Caucasian,female
Catarina Abdalla,White_Caucasian,female
Catarina de Carvalho,White_Caucasian,female
Caua Antunes,Latino_Hispanic,female
Caua Reymond,White_Caucasian,male
Caue Campos,Black_African_descent,female
Cecil Thire,White_Caucasian,male
Cecilia Dassi,White_Caucasian,female
Celso Bernini,White_Caucasian,male
Celso Frateschi,White_Caucasian,male
Celso Reeks,White_Caucasian,male
Chan Suan,Asian,female
Chandelly Braz,White_Caucasian,female
Chang Soo,White_Caucasian,male
Chao Chen,Asian,male
Chay Suede,White_Caucasian,male
Chico Anysio,Latino_Hispanic,male
Chico Carvalho,White_Caucasian,female
Chico Diaz,White_Caucasian,male
Chico Diaz,White_Caucasian,male
Chico Tenreiro,White_Caucasian,male
Chris Couto,White_Caucasian,female
Christian Villegas,White_Caucasian,male
Christiana Guinle,White_Caucasian,female
Christiana Ubach,White_Caucasian,female
Christiane Torloni,White_Caucasian,female
Christiane Tricerri,Latino_Hispanic,female
Christine Fernandes,White_Caucasian,female
Christovam Netto,Black_African_descent,male
Cibele Larrama,Latino_Hispanic,female
Cida Moreno,White_Caucasian,female
Cida Moreyra,Latino_Hispanic,female
Cinara Leal,Latino_Hispanic,female
Ciro Sales,White_Caucasian,male
Cissa Guimaraes,White_Caucasian,female
Clara Galinari,White_Caucasian,female
Clara Tiezzi,White_Caucasian,female
Clarice Derzie Luz,Latino_Hispanic,female
Clarice Falcao,White_Caucasian,female
Clarice Niskier,White_Caucasian,female
Clarissa Kiste,Latino_Hispanic,female
Clarissa Pinheiro,Latino_Hispanic,female
Clasley Delfino,Latino_Hispanic,male
Claudia di Moura,Black_African_descent,female
Claudia Netto,Latino_Hispanic,female
Claudia Ohana,White_Caucasian,female
Claudia Raia,White_Caucasian,female
Claudio Jaborandy,Latino_Hispanic,male
Claudio Tovar,White_Caucasian,male
Cleide Eunice Queiroz,Black_African_descent,female
Cleiton Morais,Latino_Hispanic,male
Clementino Kale,Black_African_descent,female
Clementino Kele,Black_African_descent,female
Clesley Delfino,Black_African_descent,male
Cleyde Yaconis,White_Caucasian,female
Claudia Abreu,White_Caucasian,female
Claudia Alencar,Latino_Hispanic,female
Claudia Jimenez,White_Caucasian,female
Claudia Mauro,Latino_Hispanic,female
Claudia Mello,Latino_Hispanic,female
Claudia Missura,White_Caucasian,female
Claudia Netto,Latino_Hispanic,female
Claudia Ohana,White_Caucasian,female
Claudia Raia,White_Caucasian,female
Claudio Andrade,Latino_Hispanic,male
Claudio Correia e Castro,Black_African_descent,male
Claudio Correa e Castro,Latino_Hispanic,male
Claudio Fontana,Latino_Hispanic,male
Claudio Gabriel,Latino_Hispanic,male
Claudio Galvan,Latino_Hispanic,male
Claudio Heinrich,White_Caucasian,male
Claudio Jaborandy,Latino_Hispanic,male
Claudio Lins,White_Caucasian,male
Claudio Marzo,White_Caucasian,male
Claudio Mendes,Latino_Hispanic,female
Claudio Tovar,White_Caucasian,male
Clea Simoes,Black_African_descent,female
Conrado Caputto,Latino_Hispanic,male
Cosme dos Santos,Black_African_descent,male
Cridemar Aquino,White_Caucasian,female
Cris Bonna,White_Caucasian,female
Cris Nicolotti,White_Caucasian,female
Cris Vianna,Black_African_descent,female
Cristiana Pompeo,Latino_Hispanic,female
Cristiane Amorim,Latino_Hispanic,female
Cristiano Garcia,Latino_Hispanic,female
Cristiano Ximenes,White_Caucasian,male
Cristina Amadeo,White_Caucasian,female
Cristina Fagundes,Latino_Hispanic,female
Cristina Flores,White_Caucasian,female
Cristina Galvao,Latino_Hispanic,female
Cristina Lago,Latino_Hispanic,female
Cristina Mullins,Latino_Hispanic,female
Cristina Mutarelli,White_Caucasian,female
Cristina Pereira,White_Caucasian,female
Cristina Sano,Asian,female
Cristine Peron,Latino_Hispanic,female
Creo Kellab,Black_African_descent,male
Cynthia Benini,Latino_Hispanic,female
Cynthia Falabella,White_Caucasian,female
Cyria Coentro,White_Caucasian,female
Cassia Kis Magro,Latino_Hispanic,female
Cassia Kis,Latino_Hispanic,female
Cassia Kiss,Latino_Hispanic,female
Cassia Linhares,White_Caucasian,female
Cassio Gabus Mendes,White_Caucasian,male
Cassio Inacio,Latino_Hispanic,female
Cassio Reis,White_Caucasian,male
Cesar Cardadeiro,White_Caucasian,male
Cesar Ferrario,White_Caucasian,male
Cesar Mello,Latino_Hispanic,male
Cintia Dicker,White_Caucasian,female
Dado Dolabella,Latino_Hispanic,male
Daisy Lucidi,Latino_Hispanic,female
Dalton Vigh,White_Caucasian,male
Damian Ramirez Lopez,White_Caucasian,male
Dan Nakagawa,Latino_Hispanic,male
Dan Stulbach,White_Caucasian,male
Dandara Albuquerque,Latino_Hispanic,female
Dandara Mariana,Black_African_descent,female
Dani Barros,White_Caucasian,female
Dani Ornellas,Latino_Hispanic,female
Daniel Blanco,White_Caucasian,male
Daniel Boaventura,White_Caucasian,male
Daniel Dalcin,White_Caucasian,male
Daniel Dantas,White_Caucasian,male
Daniel de Oliveira,White_Caucasian,male
Daniel Erthal,White_Caucasian,male
Daniel Lobo,Latino_Hispanic,female
Daniel Marques,White_Caucasian,male
Daniel Ribeiro,White_Caucasian,male
Daniel Rocha,East_Indian,male
Daniel Torres,White_Caucasian,male
Daniel Warren,Latino_Hispanic,female
Daniel Zettel,White_Caucasian,male
Daniel Zubrinsky,White_Caucasian,male
Daniel Avila,East_Indian,male
Daniela Escobar,Latino_Hispanic,female
Daniela Faria,White_Caucasian,female
Daniela Fontan,Latino_Hispanic,female
Daniela Pessoa,White_Caucasian,female
Daniela Recco,White_Caucasian,male
Daniele Suzuki,Latino_Hispanic,female
Daniele Valente,White_Caucasian,female
Danieli Haloten,White_Caucasian,female
Danielle Winits,Latino_Hispanic,female
Danilo Breton,White_Caucasian,male
Danilo Ferreira,Black_African_descent,male
Danilo Grangheia,White_Caucasian,male
Danilo Mesquita,Asian,male
Danilo Sacramento,White_Caucasian,male
Danni Carlos,White_Caucasian,female
Danton Mello,Latino_Hispanic,male
Darlan Cunha,Asian,male
Davi Queiroz,Asian,male
David Junior,Black_African_descent,male
David Junior,Black_African_descent,male
David Lucas,White_Caucasian,male
David Reis,Black_African_descent,male
Day Mesquita,Black_African_descent,female
Dayse Pozato,White_Caucasian,female
Debby Lagranha,White_Caucasian,female
Deborah Evelyn,White_Caucasian,female
Deborah Kalume,White_Caucasian,female
Deborah Secco,White_Caucasian,female
Delano Avelar,East_Indian,male
Demick Lopes,White_Caucasian,female
Dener Pacheco,Latino_Hispanic,male
Denise Del Vecchio,White_Caucasian,female
Denise Sartori,Latino_Hispanic,female
Denise Weinberg,White_Caucasian,female
Deto Montenegro,White_Caucasian,female
Dhonata Augusto,Latino_Hispanic,male
Dhu Moraes,Black_African_descent,female
Dida Camero,White_Caucasian,female
Diego Cristo,Latino_Hispanic,male
Diego Francisco,Black_African_descent,male
Diego Goncalves,Latino_Hispanic,female
Diego Homci,White_Caucasian,male
Diego Montez,White_Caucasian,male
Dill Costa,East_Indian,male
Diogo Almeida,Asian,male
Diogo Oliveira,Latino_Hispanic,male
Diogo Vilela,White_Caucasian,male
Dira Paes,Asian,female
Diva Pacheco,White_Caucasian,female
Dja Marthins,Latino_Hispanic,female
Domingos Montagner,White_Caucasian,male
Domingos Placido de Alcantara,East_Indian,female
Dora Freind,White_Caucasian,female
Dorgival Junior,White_Caucasian,male
Dorival Carper,White_Caucasian,male
Douglas Moreira,White_Caucasian,male
Douglas Rosa,Asian,male
Douglas Silva,Black_African_descent,male
Dr  Fabricio Nunes,Black_African_descent,male
Dr  Pandolfo,White_Caucasian,male
Drayson Menezes,Latino_Hispanic,male
Drica Moraes,White_Caucasian,female
Drico Alves,Asian,male
Duarte Guimaraes,White_Caucasian,male
Duda Batista,White_Caucasian,female
Duda Batsow,Latino_Hispanic,female
Duda Mamberti,White_Caucasian,male
Duda Nagle,White_Caucasian,male
Duda Wendling,White_Caucasian,female
Dudu Azevedo,White_Caucasian,male
Dudu Cury,White_Caucasian,female
Dudu Pelizzari,White_Caucasian,male
Duse Nacaratti,Asian,female
Dyego Menezes,White_Caucasian,male
Debora Bloch,Latino_Hispanic,female
Debora Duarte,White_Caucasian,female
Debora Falabella,White_Caucasian,female
Debora Lamm,Latino_Hispanic,female
Debora Nascimento,East_Indian,female
Debora Olivieri,White_Caucasian,female
Debora Ozorio,White_Caucasian,female
Debora Rebecchi,White_Caucasian,female
Deborah Kalume,White_Caucasian,female
Deo Garcez,Latino_Hispanic,male
Edmilson Barros,White_Caucasian,male
Edney Giovenazzi,White_Caucasian,male
Edson Celulari,White_Caucasian,male
Edson Fieschi,White_Caucasian,female
Eduarda Emerick,White_Caucasian,female
Eduardo Canuto,Latino_Hispanic,male
Eduardo Coutinho,White_Caucasian,male
Eduardo Di Tarso,White_Caucasian,male
Eduardo Dussek,White_Caucasian,male
Eduardo Estrela,White_Caucasian,male
Eduardo Fraga,White_Caucasian,male
Eduardo Galvao,White_Caucasian,male
Eduardo Gaspar,White_Caucasian,male
Eduardo Hashimoto,Asian,male
Eduardo Lago,White_Caucasian,male
Eduardo Mancini,White_Caucasian,male
Eduardo Martini,White_Caucasian,male
Eduardo Melo,Latino_Hispanic,male
Eduardo Moscovis,East_Indian,male
Eduardo Mossri,Latino_Hispanic,female
Eduardo Pires,White_Caucasian,male
Eduardo Reis,White_Caucasian,male
Eduardo Speroni,White_Caucasian,male
Eduardo Spinetti,White_Caucasian,male
Eduardo Sterblitch,East_Indian,male
Edvana Carvalho,Latino_Hispanic,male
Edward Boggis,White_Caucasian,male
Edwin Luisi,White_Caucasian,male
Edyr Duque,Black_African_descent,female
Edyr Duqui,White_Caucasian,male
Eike Duarte,White_Caucasian,male
Elaine Mickely,Latino_Hispanic,female
Elam Lima,White_Caucasian,male
Elder Gatelli,Asian,male
Elea Mercurio,Latino_Hispanic,female
Elena Toledo,Latino_Hispanic,female
Eli Ferreira,Black_African_descent,female
Eliana Fonseca,White_Caucasian,female
Eliana Guttman,White_Caucasian,male
Eliana Pittman,Latino_Hispanic,female
Eliana Rocha,Latino_Hispanic,female
Eliane Giardini,Latino_Hispanic,female
Elias Andreato,Latino_Hispanic,male
Elias Gleiser,White_Caucasian,male
Elias Gleizer,Latino_Hispanic,male
Eliezer Motta,East_Indian,male
Elina de Souza,Black_African_descent,female
Eline Porto,Latino_Hispanic,female
Elisa Brites,White_Caucasian,female
Elisa Lucinda,Black_African_descent,female
Elisa Pinheiro,White_Caucasian,female
Eliseu Paranhos,Latino_Hispanic,male
Elizabeth Savalla,Latino_Hispanic,female
Ella Nascimento,Black_African_descent,female
Ellen Rocche,White_Caucasian,female
Ellen Roche,White_Caucasian,female
Eloisa Mafalda,White_Caucasian,female
Emanuelle Araujo,White_Caucasian,female
Emanuelle Soncini,Latino_Hispanic,female
Emiliano Queiroz,White_Caucasian,male
Emilio Dantas,White_Caucasian,male
Emmilio Moreira,Latino_Hispanic,male
Emilio de Mello,Latino_Hispanic,male
Emilio Orciollo Neto,White_Caucasian,male
Emilio Orciollo Netto,White_Caucasian,male
Enio Cavalcante,Latino_Hispanic,male
Enrica Duncan,White_Caucasian,female
Enrique Diaz,White_Caucasian,male
Enrique Diaz,White_Caucasian,male
Enzo Romani,White_Caucasian,male
Enzo Simi,Latino_Hispanic,female
Eri Johnson,Latino_Hispanic,male
Eriberto Leao,White_Caucasian,male
Erico Bras,Black_African_descent,male
Erik Marmo,White_Caucasian,male
Erika Evantini,White_Caucasian,female
Erika Januza,Black_African_descent,female
Erika Mader,White_Caucasian,female
Erivaldo Oliveira,White_Caucasian,male
Ernani Moraes,Latino_Hispanic,male
Ernesto Piccolo,White_Caucasian,male
Ernesto Xavier,Black_African_descent,male
Erom Cordeiro,White_Caucasian,male
Esteban Lopez,White_Caucasian,male
Estrela Blanco,White_Caucasian,female
Eucir de Souza,White_Caucasian,male
Eugenio Castelo,White_Caucasian,male
Eunice Braulio,Latino_Hispanic,female
Eva Todor,White_Caucasian,female
Eva Wilma,Latino_Hispanic,female
Evana Jeyssan,White_Caucasian,male
Evandro Melo,White_Caucasian,female
Evandro Mesquita,White_Caucasian,female
Ewe Pamplona,Black_African_descent,female
Fabi Bang,White_Caucasian,female
Fabiana Karla,Latino_Hispanic,female
Fabio Neppo,Black_African_descent,male
Fabiula Nascimento,Latino_Hispanic,female
Fabricio Boliveira,Black_African_descent,male
Fabiula Nascimento,White_Caucasian,female
Fafy Siqueira,White_Caucasian,female
Felipe Abib,Latino_Hispanic,male
Felipe Camargo,White_Caucasian,male
Felipe Cardoso,Latino_Hispanic,male
Felipe Coutinho,White_Caucasian,male
Felipe de Carolis,White_Caucasian,male
Felipe Fagundes,White_Caucasian,male
Felipe Haiut,White_Caucasian,male
Felipe Hintze,White_Caucasian,male
Felipe Latge,White_Caucasian,male
Felipe Lima,White_Caucasian,male
Felipe Luhan,Asian,male
Felipe Roque,White_Caucasian,male
Felipe Silcler,East_Indian,male
Felipe Simas,Latino_Hispanic,male
Felipe Titto,Latino_Hispanic,male
Felippe Luhan,East_Indian,male
Fernanda Biancamanno,Latino_Hispanic,female
Fernanda de Freitas,White_Caucasian,female
Fernanda Heras,White_Caucasian,female
Fernanda Lima,White_Caucasian,female
Fernanda Lobo,White_Caucasian,female
Fernanda Machado,White_Caucasian,female
Fernanda Marques,Asian,female
Fernanda Montenegro,Latino_Hispanic,female
Fernanda Nobre,White_Caucasian,female
Fernanda Paes Leme,Latino_Hispanic,female
Fernanda Pontes,White_Caucasian,female
Fernanda Rodrigues,White_Caucasian,female
Fernanda Souza,White_Caucasian,female
Fernanda Vasconcellos,Latino_Hispanic,female
Fernando Almeida,Latino_Hispanic,male
Fernando Alves Pinto,East_Indian,female
Fernando Eiras,Latino_Hispanic,male
Fernando Paganote,White_Caucasian,female
Fernando Petelinkar,Latino_Hispanic,male
Fernando Sampaio,White_Caucasian,male
Fhelipe Gomes,White_Caucasian,male
Filipe Braganca,Asian,male
Floriano Peixoto,White_Caucasian,male
Flavia Alessandra,Asian,female
Flavia Bonato,Asian,female
Flavia Garrafa,Latino_Hispanic,female
Flavia Guedes,Latino_Hispanic,female
Flavia Guimaraes,White_Caucasian,female
Flavia Pyramo,Latino_Hispanic,female
Flavia Reis,Latino_Hispanic,female
Flavia Rubim,White_Caucasian,female
Flavio Bauraqui,Black_African_descent,male
Flavio Migliaccio,Latino_Hispanic,male
Flavio Pardal,White_Caucasian,male
Flavio Silvino,White_Caucasian,male
Flavio Tolezani,White_Caucasian,male
Franciely Freduzeski,Latino_Hispanic,female
Francisca Queiroz,White_Caucasian,female
Francisco Cuoco,White_Caucasian,male
Francisco Fortes,Latino_Hispanic,male
Francisco Nagem,White_Caucasian,male
Frank Menezes,Latino_Hispanic,male
Francoise Forton,Latino_Hispanic,female
Frederico Reuter,White_Caucasian,male
Frederico Wolkmann,White_Caucasian,male
Fulvio Stefanini,White_Caucasian,male
Fabio Assuncao,White_Caucasian,male
Fabio Audi,White_Caucasian,male
Fabio Felipe,White_Caucasian,male
Fabio Herford,White_Caucasian,male
Fabio Keldani,Latino_Hispanic,male
Fabio Lago,Latino_Hispanic,male
Fabio Neppo,Black_African_descent,male
Fabio Tokay,White_Caucasian,female
Fabio Yoshihara,Asian,male
Fatima Montenegro,Latino_Hispanic,male
Fulvio Stefanini,White_Caucasian,male
Gabriel Azevedo,White_Caucasian,male
Gabriel Braga Nunes,Latino_Hispanic,male
Gabriel Canella,White_Caucasian,male
Gabriel Chadan,White_Caucasian,male
Gabriel Contente,White_Caucasian,male
Gabriel Godoy,White_Caucasian,male
Gabriel Kaufmann,White_Caucasian,male
Gabriel Leone,Latino_Hispanic,male
Gabriel Lepsch,East_Indian,male
Gabriel Louchard,White_Caucasian,male
Gabriel Palhares,White_Caucasian,male
Gabriel Reif,Latino_Hispanic,male
Gabriel Sanches,White_Caucasian,male
Gabriel Sater,White_Caucasian,male
Gabriel Sequeira,White_Caucasian,female
Gabriel Stauffer,White_Caucasian,male
Gabriel Wainer,White_Caucasian,male
Gabriela Carneiro da Cunha,Latino_Hispanic,female
Gabriela di Grecco,White_Caucasian,female
Gabriela Duarte,Latino_Hispanic,female
Gabriela Fercia,Latino_Hispanic,female
Gabriela Moreyra,Latino_Hispanic,female
Gabriela Munhoz,White_Caucasian,female
Gabriella Mustafa,Latino_Hispanic,female
Gabriella Saraivah,Latino_Hispanic,male
Gabrielle Joie,White_Caucasian,female
Gabrielly Nunes,Black_African_descent,female
Genezio de Barros,Latino_Hispanic,male
George Bezerra,Latino_Hispanic,male
George Sauma,White_Caucasian,male
Gero Pestalozzi,White_Caucasian,male
Gertrude Trindade,White_Caucasian,female
Geytsa Garcia,White_Caucasian,female
Georgia Gomide,White_Caucasian,female
Ghilherme Lobo,White_Caucasian,male
Gianfrancesco Guarnieri,White_Caucasian,male
Gianlucca Mauad,White_Caucasian,male
Gil Coelho,East_Indian,male
Gilbert Stein,Latino_Hispanic,male
Gilberto Hernandez,White_Caucasian,male
Gilberto Marmorosch,White_Caucasian,male
Gilberto Miranda,Latino_Hispanic,male
Gilberto Torres,Latino_Hispanic,male
Giordanna Forte,White_Caucasian,female
Giordano Becheleni,White_Caucasian,male
Giordano Castro,White_Caucasian,male
Giovana Cordeiro,Latino_Hispanic,female
Giovanna Antonelli,Latino_Hispanic,female
Giovanna Coimbra,Latino_Hispanic,female
Giovanna Ewbank,White_Caucasian,female
Giovanna Grigio,East_Indian,female
Giovanna Lancellotti,Latino_Hispanic,female
Giovanna Rispoli,White_Caucasian,female
Giovanni De Lorenzi,White_Caucasian,male
Giovanni Gallo,White_Caucasian,male
Gisela Reimann,Latino_Hispanic,female
Gisele Alves,Latino_Hispanic,female
Gisele Froes,White_Caucasian,female
Giselle Batista,White_Caucasian,female
Giselle Itie,Latino_Hispanic,female
Giselle Policarpo,White_Caucasian,female
Giulia Gam,White_Caucasian,female
Giulia Gayoso,White_Caucasian,female
Giuliano Lafayette,Asian,female
Giulio Lopes,White_Caucasian,male
Giullia Buscacio,Latino_Hispanic,female
Giuseppe Oristanio,White_Caucasian,male
Giacomo Pinotti,White_Caucasian,male
Glamour Garcia,Latino_Hispanic,female
Glauce Graieb,White_Caucasian,female
Glicerio do Rosario,Latino_Hispanic,male
Glicerio Rosario,Latino_Hispanic,male
Glaucio Gomes,Latino_Hispanic,male
Gloria Menezes,White_Caucasian,female
Gloria Pires,Latino_Hispanic,female
Grace Gianoukas,White_Caucasian,female
Gracindo Junior,Latino_Hispanic,male
Grazi Massafera,Latino_Hispanic,female
Graziela Moretto,White_Caucasian,female
Isabella Cunha,White_Caucasian,female
Graziella Moretto,White_Caucasian,female
Graca Monteiro,Latino_Hispanic,female
Gregoire Blanzat,White_Caucasian,female
Guida Viana,White_Caucasian,female
Guida Vianna,White_Caucasian,female
Guilherme Berenguer,White_Caucasian,male
Guilherme Boury,White_Caucasian,male
Guilherme Ferraz,Latino_Hispanic,male
Guilherme Fontes,White_Caucasian,male
Guilherme Gonzalez,Latino_Hispanic,male
Guilherme Gorski,White_Caucasian,male
Guilherme Hamacek,White_Caucasian,male
Guilherme Karam,East_Indian,male
Guilherme Karan,White_Caucasian,male
Guilherme Leicam,White_Caucasian,male
Guilherme Leme,White_Caucasian,male
Guilherme Logulo,Latino_Hispanic,male
Guilherme Nasraui,Latino_Hispanic,male
Guilherme Piva,Latino_Hispanic,male
Guilherme Prates,White_Caucasian,male
Guilherme Vieira,White_Caucasian,female
Guilherme Weber,White_Caucasian,male
Guilherme Winter,White_Caucasian,male
Guilhermina Guinle,White_Caucasian,female
Guilhermina Libanio,Latino_Hispanic,female
Guillermo Hundadze,White_Caucasian,male
Gustavo Arthiddoro,White_Caucasian,male
Gustavo Bruno de Luris  Marques de Torga,Latino_Hispanic,male
Gustavo Falcao,Latino_Hispanic,female
Gustavo Gasparani,Latino_Hispanic,male
Gustavo Haddad,Latino_Hispanic,male
Gustavo Leao,White_Caucasian,male
Gustavo Machado,White_Caucasian,male
Gustavo Mello,Black_African_descent,male
Gustavo Merighi,Asian,male
Gustavo Novaes,White_Caucasian,male
Gustavo Ottoni,White_Caucasian,male
Gustavo Piaskoski,White_Caucasian,male
Gustavo Trestini,White_Caucasian,male
Guta Goncalves,White_Caucasian,female
Guta Ruiz,Latino_Hispanic,female
Guti Fraga,White_Caucasian,male
Gesio Amadeu,Black_African_descent,male
Hanna Romanazzi,White_Caucasian,female
Hannah Zeitoune,White_Caucasian,female
Harley Vas,Latino_Hispanic,male
Haydil Linhares,White_Caucasian,female
Heitor Martinez,Latino_Hispanic,male
Helena Fernandes,White_Caucasian,female
Helena Ranaldi,Latino_Hispanic,female
Helga Nemeczyk,White_Caucasian,female
Heloisa Jorge,Black_African_descent,female
Heloisa Perisse,White_Caucasian,female
Heloisa Perisse,White_Caucasian,female
Henri Castelli,White_Caucasian,male
Henri Pagnoncelli,White_Caucasian,male
Henrique Cesar,White_Caucasian,male
Henry Fiuka,White_Caucasian,male
Hermila Guedes,White_Caucasian,female
Herson Capri,White_Caucasian,male
Herton Gustavo,Latino_Hispanic,male
Hilda Rebello,White_Caucasian,female
Hilton Castro,Latino_Hispanic,male
Hossen Minussi,Latino_Hispanic,male
Hugo Bonemer,White_Caucasian,male
Hugo Carvana,White_Caucasian,male
Hugo Esteves,Latino_Hispanic,male
Hugo Gross,White_Caucasian,male
Hugo Moura,White_Caucasian,male
Hugo Resende,Latino_Hispanic,male
Humberto Carrao,East_Indian,male
Humberto Martins,White_Caucasian,male
Hylka Maria,Latino_Hispanic,female
Helio de La Pena,Black_African_descent,male
Iara Jamra,White_Caucasian,female
Icaro Amado,White_Caucasian,male
Icaro Silva,Latino_Hispanic,male
Icaro Zulu,Black_African_descent,male
Idelceia Santos,Latino_Hispanic,female
Igor Angelkorte,White_Caucasian,male
Igor Cosso,White_Caucasian,male
Igor Cotrim,White_Caucasian,male
Igor Fernandez,Latino_Hispanic,male
Igor Medeiros,White_Caucasian,male
Igor Pushinov,Latino_Hispanic,male
Igor Rickli,White_Caucasian,male
Igor Rudolf,White_Caucasian,female
Ilana Kaplan,White_Caucasian,female
Ildi Silva,East_Indian,female
Ilva Nino,Latino_Hispanic,female
Ilya Sao Paulo,White_Caucasian,male
Ilea Ferraz,Black_African_descent,female
Inez Viana,Latino_Hispanic,female
Inez Vianna,Latino_Hispanic,female
Ingra Liberato,Latino_Hispanic,female
Ingrid Guimaraes,White_Caucasian,female
Ingrid Klug,White_Caucasian,male
Inacio Paixao   Rajao,White_Caucasian,male
Ines Peixoto,White_Caucasian,female
Iolanda Cabral Van Burger,East_Indian,female
Iran Malfitano,White_Caucasian,male
Irandhir Santos,Latino_Hispanic,male
Irene Ravache,White_Caucasian,female
Iris Bruzzi,White_Caucasian,female
Iris Bustamante,White_Caucasian,female
Irma Dolores,Latino_Hispanic,female
Irma Zelia,White_Caucasian,male
Irving Sao Paulo,White_Caucasian,male
Isaac Bardavid,Asian,male
Isabel Fillardis,Black_African_descent,female
Isabel Gueron,White_Caucasian,female
Isabel Lobo,White_Caucasian,female
Isabel Mello,White_Caucasian,female
Isabel Teixeira,White_Caucasian,female
Isabela Garcia,Latino_Hispanic,female
Isabela Lima,Black_African_descent,female
Isabela Lobato,Latino_Hispanic,female
Isabela Lobatto,Latino_Hispanic,female
Isabela Meirelles,White_Caucasian,female
Isabella Koppel,White_Caucasian,male
Isabella Santoni,White_Caucasian,female
Isabelle Drummond,White_Caucasian,female
Isadora Cruz,Latino_Hispanic,female
Isadora Ferrite,Latino_Hispanic,female
Isadora Monteiro,White_Caucasian,female
Isis Pessino,White_Caucasian,female
Isis Valverde,White_Caucasian,female
Italo Guerra,White_Caucasian,male
ItaloRoss,Latino_Hispanic,male
Iuri Kruschewsky,White_Caucasian,male
Ivan Candido,White_Caucasian,male
Ivan de Almeida,Latino_Hispanic,male
Ivan Mendes,White_Caucasian,male
Ivo Gandra,East_Indian,male
Ivone Hoffmann,White_Caucasian,female
Izabella Bicalho,Latino_Hispanic,female
Izak Dahora,Black_African_descent,male
Jackson Antunes,White_Caucasian,male
Jackson Costa,Latino_Hispanic,male
Jacque Moura,East_Indian,female
Jacqueline Laurence,Latino_Hispanic,female
Jacqueline Sato,Latino_Hispanic,female
Jaedson Bahia,Latino_Hispanic,female
Jaffar Bambirra,Latino_Hispanic,male
Jaime Leibovitch,White_Caucasian,male
Jairo Mattos,White_Caucasian,male
Janaina Lince,Black_African_descent,female
Janaina Prado,Latino_Hispanic,female
Janaina Avila,Latino_Hispanic,female
Jandir Ferrari,Latino_Hispanic,male
Jandira Martini,Latino_Hispanic,female
Janine Salles,Latino_Hispanic,female
Jayme Matarazzo,White_Caucasian,male
Jean Amorim,White_Caucasian,male
Jean Felipe,White_Caucasian,male
Jean Pierre Noher,White_Caucasian,male
Jenifer de Oliveira Andrade,White_Caucasian,female
Jeniffer Nascimento,Latino_Hispanic,female
Jerusa Franco,White_Caucasian,female
Jessika Alves,East_Indian,female
Jesuela Moro,White_Caucasian,female
Jesus Luz,White_Caucasian,male
Jesuita Barbosa,White_Caucasian,male
Jhona Burjack,Latino_Hispanic,male
Joana Borges,White_Caucasian,female
Joana Coutinho,Latino_Hispanic,female
Joana de Verona,White_Caucasian,female
Joana Fomm,Latino_Hispanic,female
Joana Lerner,White_Caucasian,female
Joana Limaverde,White_Caucasian,female
Joana Medeiros,Latino_Hispanic,female
Joana Mocarzel,White_Caucasian,female
Joana Motta,White_Caucasian,female
Joana Solnado,White_Caucasian,female
Joaquim Lopes,White_Caucasian,male
Joaquim Monchique,White_Caucasian,male
Joe Ribeiro,Latino_Hispanic,male
Joelson Medeiros,White_Caucasian,male
John Herbert,Latino_Hispanic,male
Johnnas Oliva,White_Caucasian,male
Johnny Hooker,Latino_Hispanic,male
Johnny Massaro,White_Caucasian,male
Jonas Bloch,White_Caucasian,male
Jonas Torres,White_Caucasian,male
Jonatas Faro,Latino_Hispanic,male
Jonathan Azevedo,East_Indian,male
Jonathan Haagensen,Black_African_descent,male
Jorge Botelho,Asian,male
Jorge Coutinho,Black_African_descent,male
Jorge de Sa,Black_African_descent,male
Jorge Lucas,Black_African_descent,male
Jorge Maya,Asian,male
Jorge Pontual,White_Caucasian,male
Josafa Filho,East_Indian,male
Josie Antello,Latino_Hispanic,female
Josie Pessoa,White_Caucasian,female
Jose Augusto Branco,White_Caucasian,male
Jose Bittencourt,White_Caucasian,male
Jose D Artagnan Jr,White_Caucasian,male
Jose D Artagnan Junior,White_Caucasian,male
Jose de Abreu,White_Caucasian,male
Jose Dumont,Latino_Hispanic,male
Jose Henrique Ligabue,East_Indian,male
Jose Loreto,White_Caucasian,male
Jose Mayer,Latino_Hispanic,male
Jose Rubens Chacha,White_Caucasian,male
Jose Santa Cruz,White_Caucasian,male
Jose Victor Castiel,White_Caucasian,male
Jose Victor Pires,White_Caucasian,male
Jose Wilker,Latino_Hispanic,male
Joao Acaiabe,Black_African_descent,male
Joao Antonio,White_Caucasian,male
Joao Baldasserini,White_Caucasian,male
Joao Bravo,White_Caucasian,female
Joao Camargo,White_Caucasian,male
Joao Campos,White_Caucasian,male
Joao Cappelli,White_Caucasian,male
Joao Carlos Barroso,White_Caucasian,male
Joao Cunha,Latino_Hispanic,male
Joao Cortes,White_Caucasian,male
Joao Fernandes,Latino_Hispanic,male
Joao Gabriel D Aleluia,Latino_Hispanic,male
Joao Henrique Gago,Latino_Hispanic,male
Joao Miguel,White_Caucasian,female
Joao Pedro Zappa,Latino_Hispanic,male
Joao Sabia,White_Caucasian,male
Joao Velho,White_Caucasian,male
Joao Vicente de Castro,White_Caucasian,male
Joao Victor Granja,White_Caucasian,male
Joao Villa,White_Caucasian,male
Joao Vithor Oliveira,White_Caucasian,male
Joao Vitor Manhaes,Black_African_descent,female
Joao Vitti,White_Caucasian,male
Joao Vitor Silva,White_Caucasian,male
JP Rufino,Black_African_descent,female
Ju Colombo,Black_African_descent,female
Juan Alba,Latino_Hispanic,male
Juan Paiva,Black_African_descent,male
Juca de Oliveira,White_Caucasian,male
Jui Huang,Asian,male
Julia Castelo,Latino_Hispanic,female
Julia Dalavia,Latino_Hispanic,female
Julia Faria,White_Caucasian,female
Julia Konrad,White_Caucasian,female
Julia Lemmertz,Latino_Hispanic,female
Julia Oristanio,Latino_Hispanic,female
Julia Ruiz,White_Caucasian,female
Julia Stockler,White_Caucasian,female
Juliana Alves,Black_African_descent,female
Juliana Baroni,White_Caucasian,female
Juliana Boller,White_Caucasian,female
Juliana Caldas,White_Caucasian,female
Juliana Carneiro da Cunha,East_Indian,female
Juliana Didone,White_Caucasian,female
Juliana Diniz,Black_African_descent,female
Juliana Kametani,Asian,female
Juliana Knust,Latino_Hispanic,female
Juliana Lohmann,White_Caucasian,female
Juliana Louise,Asian,female
Juliana Martins,Latino_Hispanic,female
Juliana Paes,East_Indian,female
Juliana Paiva,Latino_Hispanic,female
Juliana Schalch,White_Caucasian,female
Juliane Araujo,White_Caucasian,male
Julianne Trevisol,White_Caucasian,female
Juliano Cazarre,White_Caucasian,male
Juliano Laham,Latino_Hispanic,male
Junior Lima,Latino_Hispanic,male
Junno Andrade,White_Caucasian,male
Jurema Reis,Latino_Hispanic,female
Jussara Freire,Latino_Hispanic,female
Jessica Cores,Latino_Hispanic,female
Jessica Ellen,Black_African_descent,female
Jessica Marina,White_Caucasian,male
Jessica Sodre,Black_African_descent,female
Jessika Alves,Latino_Hispanic,female
Julia Almeida,Latino_Hispanic,female
Julia Fajardo,White_Caucasian,female
Julia Gomes,White_Caucasian,female
Julia Guerra,White_Caucasian,female
Julia Lemmertz,Latino_Hispanic,female
Julia Lund,White_Caucasian,female
Julia Marini,White_Caucasian,female
Julia Matos,White_Caucasian,female
Julia Oliva,White_Caucasian,male
Julia Rabello,White_Caucasian,female
Julia Ruiz,White_Caucasian,female
Julio Andrade,White_Caucasian,male
Julio Braga,Latino_Hispanic,male
Julio Levy,Latino_Hispanic,male
Julio Machado,Latino_Hispanic,male
Julio Oliveira,Latino_Hispanic,male
Julio Rocha,White_Caucasian,male
Kadu Moliterno,White_Caucasian,male
Kadu Schons,White_Caucasian,female
Kaic Crescente,White_Caucasian,male
Kaik Brum,Asian,female
Karen Coelho,Latino_Hispanic,female
Karen Junqueira,White_Caucasian,female
Karina Bacchi,White_Caucasian,female
Karina Barum,White_Caucasian,female
Karina Ferrari,East_Indian,female
Karine Carvalho,East_Indian,female
Karla Karenina,Latino_Hispanic,female
Karla Tenorio,White_Caucasian,female
Kayky Brito,White_Caucasian,female
Kaysar Dadour,Latino_Hispanic,male
Kelzy Ecard,Latino_Hispanic,female
Kenya Costta,Latino_Hispanic,female
Keruse Bongiolo,White_Caucasian,female
Kika Kalache,East_Indian,female
Kiko Pissolato,Latino_Hispanic,male
Kizi Vaz,Latino_Hispanic,female
Klara Castanho,White_Caucasian,female
Klebber Toledo,White_Caucasian,male
Konstantinos Sarris,Latino_Hispanic,male
Katia Morais,White_Caucasian,female
Kefera Buchmann,White_Caucasian,female
Kiria Malheiros,White_Caucasian,female
Lady Francisco,White_Caucasian,female
Laila Garin,White_Caucasian,female
Laila Zaid,White_Caucasian,female
Lais Pinho,White_Caucasian,female
Lana Guelero,White_Caucasian,female
Land Vieira,Latino_Hispanic,male
Lara Cariello,White_Caucasian,female
Lara Lazzaretti,White_Caucasian,female
Lara Rodrigues,White_Caucasian,female
Lara Tremouroux,White_Caucasian,female
Larissa Biondo,White_Caucasian,female
Larissa Bracher,White_Caucasian,female
Larissa Murai,White_Caucasian,female
Larissa Queiroz,Asian,female
Larissa Vereza,White_Caucasian,female
Laryssa Ayres,White_Caucasian,female
Laryssa Dias,Latino_Hispanic,female
Laura Barreto,White_Caucasian,female
Laura Cardoso,White_Caucasian,female
Laura Neiva,White_Caucasian,female
Laura Prado,White_Caucasian,female
Laura Proenca,White_Caucasian,female
Lavinia Vlasak,White_Caucasian,female
Laercio Fonseca,White_Caucasian,male
Lais Vieira,Black_African_descent,female
Leanddro Rocha,Latino_Hispanic,male
Leandra Caetano,White_Caucasian,female
Leandra Leal,White_Caucasian,female
Leandro Daniel,White_Caucasian,male
Leandro Hassum,Black_African_descent,male
Leandro Lima,Latino_Hispanic,male
Leandro Ribeiro,East_Indian,male
Lee Taylor,White_Caucasian,male
Lena Roque,Latino_Hispanic,female
Leon Goes,Latino_Hispanic,female
Leona Cavalli,White_Caucasian,female
Leonardo Bricio,White_Caucasian,male
Leonardo Bricio,White_Caucasian,male
Leonardo Jabbour,Latino_Hispanic,male
Leonardo Lima Carvalho,Asian,female
Leonardo Medeiros,White_Caucasian,male
Leonardo Miggiorin,White_Caucasian,male
Leonardo Rocha,White_Caucasian,female
Leonardo Vieira,White_Caucasian,male
Leonardo Villar,White_Caucasian,male
Leopoldo Pacheco,Latino_Hispanic,male
Leticia Isnard,White_Caucasian,female
Leticia Almeida,East_Indian,female
Leticia Birkheuer,White_Caucasian,female
Leticia Braga,Asian,female
Leticia Carnaval,Latino_Hispanic,female
Leticia Colin,White_Caucasian,female
Leticia Isnard,White_Caucasian,female
Leticia Lima,White_Caucasian,female
Leticia Persiles,Latino_Hispanic,female
Leticia Sabatella,Latino_Hispanic,female
Leticia Spiller,White_Caucasian,female
Lica Oliveira,Black_African_descent,female
Licurgo Spinola,East_Indian,male
Lidi Lisboa,Black_African_descent,female
Liliana Castro,Latino_Hispanic,female
Lima Duarte,White_Caucasian,male
Lionel Fischer,Latino_Hispanic,male
Livian Aragao,White_Caucasian,female
Liza Gomes,Latino_Hispanic,female
Lieser Touma,White_Caucasian,male
Lolita Rodrigues,Latino_Hispanic,female
Lorena Comparato,White_Caucasian,female
Lorena da Silva,Latino_Hispanic,female
Lorena Monteiro,White_Caucasian,female
Louise Cardoso,White_Caucasian,female
Louise D Tuani,Asian,female
Lu Grimaldi,White_Caucasian,female
Lua Blanco,Latino_Hispanic,female
Luana Dandara,White_Caucasian,female
Luana Martau,White_Caucasian,female
Luana Piovani,White_Caucasian,male
Luana Tanaka,White_Caucasian,female
Luana Xavier,Black_African_descent,female
Luca de Castro,White_Caucasian,male
Lucas Babin,White_Caucasian,male
Lucas Barros,White_Caucasian,male
Lucas Domso,White_Caucasian,male
Lucas Leto,Black_African_descent,male
Lucas Malvacini,White_Caucasian,male
Lucas Romano,White_Caucasian,male
Lucas Salles,East_Indian,male
Lucas Sapucahy,East_Indian,female
Lucas Simoes,White_Caucasian,male
Lucas Veloso,Latino_Hispanic,male
Lucci Ferreira,White_Caucasian,male
Luciana Borghi,White_Caucasian,female
Luciana Braga,White_Caucasian,female
Luciana Brittes,Latino_Hispanic,female
Luciana Carnieli,Latino_Hispanic,female
Luciana Fernandes,Black_African_descent,female
Luciana Malcher,White_Caucasian,female
Luciana Mivitami,White_Caucasian,female
Luciana Mizutani,Asian,female
Luciana Pacheco,Latino_Hispanic,female
Luciana Paes,Latino_Hispanic,female
Luciana Rigueira,Asian,female
Luciana Vendramini,White_Caucasian,female
Luciano Chirolli,White_Caucasian,male
Luciano Quirino,Black_African_descent,male
Luciano Salles,Black_African_descent,male
Luciano Scalioni,White_Caucasian,male
Luciano Szafir,Asian,male
Luciele di Camargo,White_Caucasian,female
Lucinha Lins,White_Caucasian,female
Lucy Alves,Black_African_descent,female
Lucy Mafra,Latino_Hispanic,female
Lucy Ramos,Black_African_descent,female
Ludmila Dayer,White_Caucasian,female
Ludoval Campos,White_Caucasian,male
Lugui Palhares,White_Caucasian,male
Lui Mendes,Black_African_descent,male
Luigi Baricelli,White_Caucasian,male
Luigi Matheus,White_Caucasian,male
Luis Gustavo,White_Caucasian,male
Luis Lobianco,Latino_Hispanic,male
Luis Navarro,East_Indian,male
Luis Salem,White_Caucasian,male
Luisa Arraes,Latino_Hispanic,female
Luisa Friese,Latino_Hispanic,female
Luisa Gonzalez,White_Caucasian,female
Luisa Gonzalez,White_Caucasian,female
Luisa Mell,White_Caucasian,female
Luisa Moraes,White_Caucasian,female
Luiz Antonio do Nascimento,Black_African_descent,male
Luiz Antonio,Black_African_descent,male
Luiz Carlos Tourinho,White_Caucasian,male
Luiz Carlos Vasconcelos,White_Caucasian,male
Luiz Claudio Junior,White_Caucasian,male
Luiz Felipe Mello,White_Caucasian,male
Luiz Fernando Guimaraes,White_Caucasian,male
Luiz Guilherme,Latino_Hispanic,male
Luiz Gustavo,White_Caucasian,male
Luiz Henrique Nogueira,White_Caucasian,female
Luiz Magnelli,Latino_Hispanic,male
Luiz Melodia,Black_African_descent,male
Luiz Nicolau,White_Caucasian,male
Luiz Serra,Latino_Hispanic,male
Luiza Curvo,White_Caucasian,female
Luiza Valdetaro,White_Caucasian,female
Luka Ribeiro,White_Caucasian,male
Luli Miller,White_Caucasian,female
Lulo Scroback,Latino_Hispanic,female
Luma Costa,White_Caucasian,female
Lua Ubacker,White_Caucasian,male
Luis Andre Alvim,White_Caucasian,male
Luis Carlos Miele,White_Caucasian,male
Luis Gustavo,White_Caucasian,male
Luis Miranda,Black_African_descent,male
Luis Navarro,East_Indian,male
Luis Salem,White_Caucasian,male
Luis Salem,White_Caucasian,male
Luiza Mariani,Latino_Hispanic,female
Luiza Tome,Latino_Hispanic,female
Luiza Valdetaro,White_Caucasian,female
Lyv Ziese,Latino_Hispanic,female
Lazaro Ramos,Black_African_descent,male
Leo Bahia,White_Caucasian,male
Ligia Cortez,Latino_Hispanic,female
Lilia Cabral,Asian,female
Livia Falcao,Latino_Hispanic,female
Livian Aragao,White_Caucasian,female
Lucia Bronstein,Latino_Hispanic,female
Lucia Verissimo,Latino_Hispanic,female
Lucio Ingles de Souza,Latino_Hispanic,male
Lucio Mauro Filho,White_Caucasian,male
Lucio Mauro,White_Caucasian,male
Mabel Cezar,White_Caucasian,female
Maciel Melo,Black_African_descent,male
Maeve Jinkings,Latino_Hispanic,female
Magali Biff,Latino_Hispanic,female
Magdale Alves,Latino_Hispanic,female
Maicon Rodrigues,Black_African_descent,female
Maite Proenca,White_Caucasian,female
Malu Falangola,White_Caucasian,female
Malu Galli,Latino_Hispanic,female
Malu Mader,White_Caucasian,female
Malu Rodrigues,White_Caucasian,female
Malu Valle,Latino_Hispanic,female
Malvino Salvador,White_Caucasian,male
Manoelita Lustosa,Latino_Hispanic,female
Manu Gavassi,Latino_Hispanic,female
Manuela do Monte,Latino_Hispanic,female
Manuela Simoes,Latino_Hispanic,female
Mara Manzan,White_Caucasian,female
Marat Descartes,White_Caucasian,male
Marcel Miranda,Asian,male
Marcel Octavio,White_Caucasian,male
Marcela Barrozo,White_Caucasian,female
Marcela Rosis,White_Caucasian,female
Marcela Siqueira,White_Caucasian,female
Marcella Rica,Latino_Hispanic,female
Marcella Valente,Latino_Hispanic,female
Marcello Airoldi,White_Caucasian,male
Marcello Antony,White_Caucasian,male
Marcello Melo Jr ,Latino_Hispanic,male
Marcello Melo Jr,Latino_Hispanic,male
Marcello Novaes,White_Caucasian,male
Marcelo Adnet,East_Indian,male
Marcelo Argenta,White_Caucasian,male
Marcelo Arnal,Latino_Hispanic,male
Marcelo Barros,Latino_Hispanic,male
Marcelo Brou,Latino_Hispanic,male
Marcelo Escorel,Latino_Hispanic,male
Marcelo Faria,White_Caucasian,male
Marcelo Flores,Latino_Hispanic,male
Marcelo Goncalves,East_Indian,male
Marcelo Laham,Latino_Hispanic,male
Marcelo Mello Jr ,Latino_Hispanic,male
Marcelo Mello,Latino_Hispanic,male
Marcelo Medici,Latino_Hispanic,male
Marcelo Saback,White_Caucasian,male
Marcelo Schmidt,White_Caucasian,male
Marcelo Serrado,Latino_Hispanic,male
Marcelo Torreao,Latino_Hispanic,male
Marcelo Valle,White_Caucasian,male
Marcelo Varzea,White_Caucasian,male
Marcia Manccini,White_Caucasian,male
Marcio Tadeu de Lima,Latino_Hispanic,male
Marcius Melhem,Latino_Hispanic,male
Marco Antonio Gimenez,White_Caucasian,male
Marco Antonio Gimenez,White_Caucasian,male
Marco Marcondes,White_Caucasian,male
Marco Nanini,White_Caucasian,male
Marco Pigossi,White_Caucasian,male
Marco Ricca,White_Caucasian,male
Marco Vilella,White_Caucasian,female
Marcos Acher,East_Indian,male
Marcos Breda,White_Caucasian,male
Marcos Caruso,White_Caucasian,male
Marcos Damigo,White_Caucasian,male
Marcos Frota,White_Caucasian,male
Marcos Henrique,Latino_Hispanic,male
Marcos Miura,Asian,male
Marcos Oliveira,White_Caucasian,male
Marcos Otavio,Latino_Hispanic,male
Marcos Palmeira,Latino_Hispanic,male
Marcos Pasquim,Latino_Hispanic,male
Marcos Paulo,White_Caucasian,male
Marcos Pitombo,White_Caucasian,male
Marcos Tumura,Latino_Hispanic,male
Marcos Veras,White_Caucasian,male
Marcos Winter,East_Indian,male
Marcus Rigonatti,White_Caucasian,male
Marcelia Cartaxo,White_Caucasian,female
Mareliz Rodrigues,White_Caucasian,female
Mareliz Rodriguez,White_Caucasian,male
Maria Assuncao,East_Indian,female
Maria Carol Rebello,Latino_Hispanic,female
Maria Carol,Latino_Hispanic,female
Maria Casadevall,White_Caucasian,female
Maria Ceica,Black_African_descent,female
Maria Clara Gueiros,Asian,female
Maria Clara Mattos,White_Caucasian,female
Maria Clara Mourao,White_Caucasian,female
Maria Clara Spinelli,White_Caucasian,female
Maria Celia Camargo,White_Caucasian,female
Maria do Carmo Ferreira da Silva,Latino_Hispanic,female
Maria Eduarda de Carvalho,White_Caucasian,female
Maria Eduarda Macedo,White_Caucasian,female
Maria Eduarda Miliante,White_Caucasian,female
Maria Eduarda,Latino_Hispanic,female
Maria Fernanda Candido,Latino_Hispanic,female
Maria Flor,Latino_Hispanic,female
Maria Gal,Black_African_descent,female
Maria Gladys,Latino_Hispanic,female
Maria Helena Chira,White_Caucasian,female
Maria Joana,Latino_Hispanic,female
Maria Joao Bastos,East_Indian,female
Maria Laura Nogueira,White_Caucasian,female
Maria Luisa Mendonca,White_Caucasian,female
Maria Luiza Galhano,White_Caucasian,female
Maria Luisa Mendonca,White_Caucasian,female
Maria Luisa Torrens,Latino_Hispanic,female
Maria Manoella,White_Caucasian,male
Maria Marta,Asian,female
Maria Maya,Latino_Hispanic,female
Maria Monica Passos,Latino_Hispanic,female
Maria Monica,Latino_Hispanic,female
Maria Padilha,White_Caucasian,female
Maria Paula Lima,Latino_Hispanic,female
Maria Pompeu,Latino_Hispanic,female
Maria Regina Caldas,Latino_Hispanic,female
Maria Ribeiro,White_Caucasian,female
Maria Rosa,Latino_Hispanic,female
Maria Vieira,Latino_Hispanic,female
Maria Zilda Bethlem,Latino_Hispanic,female
Mariah da Penha,Black_African_descent,female
Mariana Alves,White_Caucasian,male
Mariana Consoli,Latino_Hispanic,female
Mariana Hein,East_Indian,female
Mariana Lima,White_Caucasian,female
Mariana Molina,White_Caucasian,female
Mariana Nunes,Asian,female
Mariana Rios,White_Caucasian,female
Mariana Santos,Latino_Hispanic,female
Mariana Vaz,Latino_Hispanic,female
Mariana Xavier,White_Caucasian,female
Mariana Ximenes,White_Caucasian,female
Marianna Armellini,White_Caucasian,female
Mariano Junior,Latino_Hispanic,male
Mariene de Castro,Asian,female
Marieta Severo,White_Caucasian,female
Marilice Consenza,White_Caucasian,female
Marilu Bueno,White_Caucasian,female
Marina Moschen,White_Caucasian,female
Marina Palha,White_Caucasian,female
Marina Ruy Barbosa,White_Caucasian,female
Mario Frias,White_Caucasian,male
Mario Jose Paz,White_Caucasian,male
Marisa Orth,White_Caucasian,female
Marise Goncalves,Latino_Hispanic,female
Marisol Ribeiro,Latino_Hispanic,female
Maristela Buchan,White_Caucasian,female
Mariza Marchetti,White_Caucasian,female
Marizabel Pacheco,White_Caucasian,male
Marjorie Bernardes,Asian,female
Marjorie Estiano,White_Caucasian,male
Marjorie Queiroz,White_Caucasian,female
Marko Ribeiro,Latino_Hispanic,male
Marly Bueno,White_Caucasian,female
Martha Mellinger,White_Caucasian,female
Martha Nieto,Latino_Hispanic,female
Mary Sheyla,Black_African_descent,female
Marilia Gabriela,White_Caucasian,female
Marilia Martins,White_Caucasian,female
Marilia Pera,White_Caucasian,female
Mateus Rocha,White_Caucasian,male
Mateus Solano,White_Caucasian,male
Matheus Abreu,Latino_Hispanic,male
Matheus Costa,Latino_Hispanic,male
Matheus Fagundes,Asian,male
Matheus Nachtergaele,White_Caucasian,male
Matheus Petinatti,Latino_Hispanic,male
Maureen Miranda,Latino_Hispanic,female
Mauren Mcgee,Latino_Hispanic,female
Mauro Gorini,White_Caucasian,male
Mauro Mendonca,Latino_Hispanic,male
Mauricio Destri,White_Caucasian,male
Mauricio Goncalves,Black_African_descent,male
Mauricio Machado,Latino_Hispanic,male
Mauricio Mattar,Latino_Hispanic,male
Max Fercondini,White_Caucasian,male
Max Lima,Black_African_descent,male
Mayana Moura,Latino_Hispanic,female
Mayana Neiva,Latino_Hispanic,female
Maycon Douglas,Latino_Hispanic,male
Mayte Piragibe,Latino_Hispanic,female
MC Cabelinho,Latino_Hispanic,male
Mel Maia,White_Caucasian,female
Melhor ator,Latino_Hispanic,male
Melhor autor de novela,White_Caucasian,male
Melissa Nobrega,White_Caucasian,female
Melissa Vettore,White_Caucasian,female
Michel Bercovitch,White_Caucasian,male
Michel Capeletti,Latino_Hispanic,female
Michel Gomes,Latino_Hispanic,male
Michel Melamed,Latino_Hispanic,male
Michel Noher,White_Caucasian,male
Michelle Batista,White_Caucasian,female
Michelle Birkheuer,White_Caucasian,female
Michelle Martins,Latino_Hispanic,female
Miguel Arraes,White_Caucasian,female
Miguel Coelho,White_Caucasian,male
Miguel Falabella,White_Caucasian,male
Miguel Magno,White_Caucasian,male
Miguel Nader,Black_African_descent,male
Miguel Oliveira,Black_African_descent,male
Miguel Roncato,White_Caucasian,male
Miguel Romulo,East_Indian,male
Miguel Thire,White_Caucasian,male
Mila Carmo,Black_African_descent,female
Mila Moreira,White_Caucasian,female
Milena Melo,Latino_Hispanic,female
Milena Toscano,White_Caucasian,female
Milena Trindade,White_Caucasian,female
Milhem Cortaz,White_Caucasian,male
Milla Araujo,East_Indian,female
Milton Goncalves,Black_African_descent,female
Miriam Freeland,White_Caucasian,female
Miriam Pires,Latino_Hispanic,female
Miryam Thereza,White_Caucasian,female
Mitsu Kuzume,Latino_Hispanic,male
Miwa Yanagizawa,Asian,female
Monica Iozzi,White_Caucasian,female
Monique Alfradique,White_Caucasian,female
Monique Curi,White_Caucasian,female
Moro Anghileri,White_Caucasian,female
Mouhamed Harfouch,White_Caucasian,male
Murilo Benicio,White_Caucasian,male
Murilo Grossi,White_Caucasian,male
Murilo Rosa,White_Caucasian,male
Mylla Christie,White_Caucasian,female
Myrian Rios,Latino_Hispanic,female
Marcia di Milla,Black_African_descent,male
Marcio Alvarez,Latino_Hispanic,male
Marcio Garcia,White_Caucasian,male
Marcio Kieling,White_Caucasian,male
Marcio Machado,Latino_Hispanic,female
Marcio Rosario,Latino_Hispanic,male
Marcio Seixas,Black_African_descent,male
Marcio Vito,Black_African_descent,male
Mario Borges,White_Caucasian,male
Mario Cesar Camargo,White_Caucasian,male
Mario Frias,White_Caucasian,male
Mario Gomes,White_Caucasian,male
Mario Hermeto,White_Caucasian,male
Mario Mendes,White_Caucasian,male
Mario Schoembergher,White_Caucasian,male
Mario Sergio Cabral,White_Caucasian,female
Monica Carvalho,East_Indian,female
Monica Martelli,White_Caucasian,female
Monica Siedler,White_Caucasian,female
Monica Torres,White_Caucasian,female
Nado Grimberg,White_Caucasian,male
Nahuana Costa,White_Caucasian,female
Nair Bello,Latino_Hispanic,female
Nana Gouvea,White_Caucasian,female
Nanda Costa,White_Caucasian,female
Nanda Lisboa,Latino_Hispanic,female
Nando Brandao,Black_African_descent,male
Nando Cunha,Black_African_descent,male
Nando Rodrigues,Latino_Hispanic,male
Nanego Lira,Latino_Hispanic,male
Nany People,Latino_Hispanic,female
Naomi Robo,White_Caucasian,female
Narcival Rubens,Latino_Hispanic,male
Narjara Turetta,Latino_Hispanic,female
Naruna Costa,Latino_Hispanic,female
Natallia Rodrigues,White_Caucasian,female
Nathalia Altenbernd,Latino_Hispanic,female
Nathalia Dill,White_Caucasian,female
Nathalia Franca,White_Caucasian,male
Nathalia Serra,White_Caucasian,female
Nathalia Timberg,White_Caucasian,female
Nathalia Alvim,White_Caucasian,female
Nathalia Costa,White_Caucasian,female
Nathalia Franca,Latino_Hispanic,male
Nathalia Rodrigues,White_Caucasian,female
Nathalia Timberg,White_Caucasian,female
Natthalia Goncalves,White_Caucasian,female
Natalia Barreto,White_Caucasian,female
Natalia do Vale,White_Caucasian,female
Natalia do Valle,White_Caucasian,female
Natalia Lage,White_Caucasian,female
Naura Schneider,White_Caucasian,female
Neco Vila Lobos,White_Caucasian,male
Nelson Baskerville,East_Indian,male
Nelson Dantas,White_Caucasian,male
Nelson Diniz,White_Caucasian,male
Nelson Freitas,White_Caucasian,male
Nelson Xavier,Latino_Hispanic,male
Netinho Alves,Black_African_descent,male
Neusa Borges,Black_African_descent,female
Neusa Maria Faro,Latino_Hispanic,female
Neuza Borges,Black_African_descent,female
Ney Latorraca,White_Caucasian,male
Nica Bonfim,Black_African_descent,male
Nicette Bruno,White_Caucasian,female
Nicola Lama,White_Caucasian,male
Nicola Siri,White_Caucasian,male
Nicolas Paixao,Black_African_descent,male
Nicolas Prattes,White_Caucasian,male
Nicole Evangeline,White_Caucasian,female
Nicollas Paixao,Black_African_descent,male
Nil Neves,White_Caucasian,male
Nildo Parente,White_Caucasian,male
Nill Marcondes,Black_African_descent,male
Nina Frosi,White_Caucasian,female
Nizo Neto,Latino_Hispanic,male
Noemi Marinho,White_Caucasian,female
Norival Rizzo,White_Caucasian,male
Norma Blum,White_Caucasian,female
Nuno Leal Maia,White_Caucasian,male
Nuno Lopes,Latino_Hispanic,male
Nuno Melo,Latino_Hispanic,male
Nemora Cavalheiro,White_Caucasian,female
Nivea Maria,Latino_Hispanic,female
Nivea Stelmann,Latino_Hispanic,female
Noris Barth,White_Caucasian,female
Oberdan Junior,White_Caucasian,male
Odilon Wagner,White_Caucasian,male
Olivia Torres,East_Indian,female
Olivia Araujo,Black_African_descent,female
Olivia Torres,Latino_Hispanic,female
Omar Docena,White_Caucasian,male
Orlando Caldeira,Black_African_descent,male
Ora Figueiredo,Latino_Hispanic,female
Oscar Magrini,White_Caucasian,male
Osmar Prado,White_Caucasian,male
Osmar Silveira,White_Caucasian,male
Osvaldo Barauna,White_Caucasian,male
Osvaldo Mil,White_Caucasian,male
Oswaldo Loureiro,White_Caucasian,male
Oswaldo Louzada,White_Caucasian,male
Otaviano Costa,Asian,male
Othon Bastos,White_Caucasian,male
Otto Junior,Asian,male
Otavio Augusto,White_Caucasian,male
Otavio de Luris,East_Indian,male
Otavio Martins,Latino_Hispanic,male
Otavio Muller,Black_African_descent,male
Otavio Muller,Black_African_descent,male
Pablo Bellini,White_Caucasian,male
Pablo Morais,East_Indian,male
Pablo Padilla,White_Caucasian,male
Pablo Sanabio,White_Caucasian,male
Paco Sanches,White_Caucasian,male
Padre Luiz,White_Caucasian,male
Pally Siqueira,East_Indian,female
Paloma Bernardi,White_Caucasian,female
Paloma Duarte,White_Caucasian,female
Pamella Rodrigues,Latino_Hispanic,male
Paolla Oliveira,White_Caucasian,female
Pascoal da Conceicao,Latino_Hispanic,male
Pathy Dejesus,Black_African_descent,female
Patricia Pillar,Latino_Hispanic,female
Patrick Sampaio,Latino_Hispanic,male
Patricia Costa,Black_African_descent,female
Patricia Elizardo,White_Caucasian,female
Patricia Franca,East_Indian,female
Patricia Naves,White_Caucasian,female
Patricia Pillar,White_Caucasian,female
Patricia Werneck,White_Caucasian,female
Patricya Travassos,Latino_Hispanic,female
Paula Barbosa,Latino_Hispanic,female
Paula Braun,White_Caucasian,female
Paula Burlamaqui,White_Caucasian,female
Paula Cohen,East_Indian,female
Paula Franco,Latino_Hispanic,female
Paula Loffler,Latino_Hispanic,female
Paula Pereira,Latino_Hispanic,female
Paula Picarelli,White_Caucasian,female
Paula Possani,White_Caucasian,female
Paula Tolentino,White_Caucasian,female
Paulinho Serra,White_Caucasian,male
Paulo Betti,White_Caucasian,male
Paulo Chun,Asian,male
Paulo Coronato,Latino_Hispanic,male
Paulo Cesar Grande,White_Caucasian,male
Paulo Figueiredo,White_Caucasian,male
Paulo Gorgulho,White_Caucasian,male
Paulo Goulart,White_Caucasian,male
Paulo Jose,White_Caucasian,male
Paulo Lessa,Latino_Hispanic,male
Paulo Rocha,White_Caucasian,male
Paulo Tiefenthaler,Black_African_descent,male
Paulo Verlings,White_Caucasian,male
Paulo Vespucio,White_Caucasian,male
Paulo Vilela,White_Caucasian,male
Paulo Vilhena,White_Caucasian,male
Paulo Zulu,Latino_Hispanic,male
Pedro Baiao,White_Caucasian,male
Pedro Bricio,White_Caucasian,male
Pedro Carvalho,East_Indian,male
Pedro Cassiano,Latino_Hispanic,male
Pedro Chagas,Black_African_descent,female
Pedro Farah,White_Caucasian,male
Pedro Fasanaro,White_Caucasian,female
Pedro Furtado,Latino_Hispanic,male
Pedro Gabriel Tonini,White_Caucasian,male
Pedro Garcia Netto,White_Caucasian,male
Pedro Guilherme Rodrigues,Black_African_descent,female
Pedro Henrique Cruz,White_Caucasian,male
Pedro Henrique Muller,White_Caucasian,male
Pedro Inoue,Latino_Hispanic,male
Pedro Kaua Araujo,White_Caucasian,male
Pedro Kauaa Araujo,Latino_Hispanic,male
Pedro Malta,Latino_Hispanic,male
Pedro Neschling,White_Caucasian,male
Pedro Pauleey,Black_African_descent,male
Pedro Paulo Rangel,Latino_Hispanic,male
Pedro Rossa,White_Caucasian,male
Pedro Wagner,Latino_Hispanic,female
Pedroca Monteiro,White_Caucasian,male
Pepita Rodrigues,White_Caucasian,female
Pepita Rodriguez,White_Caucasian,female
Perry Salles,East_Indian,male
Petronio Gontijo,White_Caucasian,male
Pia Manfroni,White_Caucasian,female
Piedade Castelo,Latino_Hispanic,female
Pierre Baitelli,White_Caucasian,male
Pierre Kiwitt,White_Caucasian,male
Pietra Pan,Latino_Hispanic,female
Pitty Webbo,White_Caucasian,male
Polliana Aleixo,Latino_Hispanic,female
Prazeres Barbosa,White_Caucasian,female
Preta Gil,East_Indian,female
Princesa Cecilia de Alencastro,White_Caucasian,male
Priscila Assum,Latino_Hispanic,female
Priscila Camargo,White_Caucasian,female
Priscila Dias,Latino_Hispanic,female
Priscila Fantin,Latino_Hispanic,female
Priscila Marinho,Black_African_descent,female
Priscila Sol,White_Caucasian,female
Priscila Steinman,Latino_Hispanic,female
Pamela Tome,White_Caucasian,female
Perola Faria,Latino_Hispanic,female
Quiteria Chagas,Black_African_descent,female
Quiteria Kelly,White_Caucasian,female
Rachel de Queiroz,Latino_Hispanic,female
Rachel Nunes,Latino_Hispanic,female
Rachel Ripani,White_Caucasian,female
Rafa Martins,Latino_Hispanic,female
Rafa Vachaud,East_Indian,male
Rafael Almeida,White_Caucasian,male
Rafael Calomeni,White_Caucasian,male
Rafael Cardoso,White_Caucasian,male
Rafael Ciani,White_Caucasian,female
Rafael Gevu,East_Indian,male
Rafael Infante,White_Caucasian,male
Rafael Losso,White_Caucasian,male
Rafael Lozano,East_Indian,male
Rafael Machado,White_Caucasian,male
Rafael Miguel,Latino_Hispanic,male
Rafael Oliveira,Black_African_descent,male
Rafael Paiva,Latino_Hispanic,female
Rafael Primot,White_Caucasian,male
Rafael Queiroz,White_Caucasian,male
Rafael Sun,White_Caucasian,male
Rafael Tombini,White_Caucasian,male
Rafael Vitti,White_Caucasian,male
Rafael Zulu,Black_African_descent,male
Rafaela Amado,White_Caucasian,female
Rafaela Fischer,White_Caucasian,female
Rafaela Mandelli,White_Caucasian,female
Rafaela Victor,Latino_Hispanic,male
Raffael Pietro,White_Caucasian,female
Rafhaela Castro,Latino_Hispanic,female
Rainer Cadete,Latino_Hispanic,male
Ramon Francisco,Black_African_descent,male
Ramon Goncalves,White_Caucasian,male
Raoni Carneiro,White_Caucasian,male
Raphael Ghanem,White_Caucasian,male
Raphael Martinez,White_Caucasian,male
Raphael Rodrigues,Black_African_descent,male
Raphael Sander,Latino_Hispanic,male
Raphael Viana,Latino_Hispanic,male
Raphaela Alvitos,Asian,female
Raquel Bertani,White_Caucasian,female
Raquel Fabbri,Latino_Hispanic,female
Raquel Ferreira,Latino_Hispanic,female
Raquel Galvao,White_Caucasian,female
Raquel Parpnelli,Latino_Hispanic,female
Raquel Villar,East_Indian,female
Raul Barretto,White_Caucasian,male
Raul Cortez,White_Caucasian,male
Raul Gazolla,White_Caucasian,male
Ravel Andrade,White_Caucasian,male
Ravel Cabral,White_Caucasian,male
Rayssa Bratillieri,Latino_Hispanic,female
Rayza Alcantara,East_Indian,female
Raissa Medeiros,White_Caucasian,female
Rebeca Orestein,White_Caucasian,female
Regiana Antonini,Latino_Hispanic,female
Regiane Alves,White_Caucasian,female
Regina Braga,White_Caucasian,female
Regina Dourado,Latino_Hispanic,female
Regina Duarte,Asian,female
Regina Maria Dourado,Latino_Hispanic,female
Regina Sampaio,White_Caucasian,male
Reginaldo Faria,White_Caucasian,male
Reinaldo Gonzaga,White_Caucasian,male
Rejane Arruda,White_Caucasian,female
Renan Mayer,White_Caucasian,male
Renan Monteiro,East_Indian,male
Renan Motta,Latino_Hispanic,female
Renan Ribeiro,Latino_Hispanic,male
Renata Augusto,White_Caucasian,female
Renata Bravin,White_Caucasian,female
Renata Castro Barbosa,Latino_Hispanic,female
Renata Dominguez,Latino_Hispanic,female
Renata Ghelli,Latino_Hispanic,female
Renata Imbriani,Latino_Hispanic,female
Renata Motta Lima,Latino_Hispanic,female
Renata Nascimento,White_Caucasian,female
Renata Pitanga,White_Caucasian,female
Renata Ricci,White_Caucasian,female
Renata Roberta,White_Caucasian,female
Renata Soffredini,White_Caucasian,male
Renata Sorrah,Latino_Hispanic,female
Renata Tobelem,Latino_Hispanic,female
Renata Vilela,Black_African_descent,female
Renato Borghi,White_Caucasian,male
Renato Chocair,White_Caucasian,male
Renato Consorte,White_Caucasian,male
Renato Goes,White_Caucasian,male
Renato Rabello,White_Caucasian,male
Renatta Gomes,Latino_Hispanic,female
Reynaldo Gianecchini,White_Caucasian,male
Rhaisa Batista,White_Caucasian,female
Ricardo Blat,Latino_Hispanic,male
Ricardo Castro,Latino_Hispanic,male
Ricardo Duque,White_Caucasian,male
Ricardo Martins,White_Caucasian,male
Ricardo Pavao,White_Caucasian,male
Ricardo Pereira,Latino_Hispanic,male
Ricardo Tozzi,White_Caucasian,male
Ricardo Vandre,Latino_Hispanic,female
Ricardo Vianna,White_Caucasian,male
Rick Garcia,Latino_Hispanic,female
Rita Clemente,Latino_Hispanic,female
Rita Elmor,Latino_Hispanic,female
Rita Guedes,White_Caucasian,female
Rita Porto,White_Caucasian,female
Roberta Almeida,White_Caucasian,female
Roberta Gualda,White_Caucasian,female
Roberta Piragibe,White_Caucasian,female
Roberta Rodrigues,Black_African_descent,female
Robertha Portella,White_Caucasian,female
Roberto Bataglin,White_Caucasian,male
Roberto Birindelli,White_Caucasian,male
Roberto Bomfim,Latino_Hispanic,male
Roberto Bomtempo,White_Caucasian,male
Roberto Bonfim,Latino_Hispanic,male
Roberto Cordovani,White_Caucasian,female
Roberto Frota,Latino_Hispanic,male
Roberto Lopes,East_Indian,male
Roberto Maya,Latino_Hispanic,male
Roberto Pirillo,White_Caucasian,male
Robson Nunes,White_Caucasian,female
Robson Santos,White_Caucasian,male
Rocco Pitanga,Black_African_descent,male
Rodolfo Vaz,White_Caucasian,male
Rodrigo Andrade,White_Caucasian,male
Rodrigo dos Santos,Black_African_descent,male
Rodrigo Fagundes,Latino_Hispanic,male
Rodrigo Faro,Latino_Hispanic,male
Rodrigo Guimaraes,White_Caucasian,male
Rodrigo Hilbert,White_Caucasian,male
Rodrigo Lombardi,White_Caucasian,male
Rodrigo Lopez,White_Caucasian,male
Rodrigo Lopez,White_Caucasian,male
Rodrigo Mathias,Latino_Hispanic,male
Rodrigo Mendonca,White_Caucasian,male
Rodrigo Pandolfo,White_Caucasian,male
Rodrigo Phavanello,Latino_Hispanic,male
Rodrigo Prado,White_Caucasian,male
Rodrigo Rangel,Latino_Hispanic,male
Rodrigo Santoro,Latino_Hispanic,male
Rodrigo Satter,Latino_Hispanic,male
Rodrigo Serrano,White_Caucasian,male
Rodrigo Simas,White_Caucasian,male
Rodrigo Veronese,Latino_Hispanic,male
Roger Gobeth,Latino_Hispanic,male
Rogerio Faria,East_Indian,male
Rogerio Freitas,Latino_Hispanic,male
Romeu Evaristo,Black_African_descent,male
Romis Ferreira,White_Caucasian,male
Roney Facchini,White_Caucasian,male
Roney Villela,Latino_Hispanic,male
Ronnie Marruda,Black_African_descent,male
Ronny Kriwat,White_Caucasian,male
Rosa Marya Colin,Black_African_descent,female
Rosaly Papadopol,White_Caucasian,female
Rosamaria Murtinho,Latino_Hispanic,female
Rosana Dias,White_Caucasian,female
Rosane Gofman,Latino_Hispanic,female
Rosanna Viegas,East_Indian,female
Rosanne Mulholland,Latino_Hispanic,female
Rose Abdallah,White_Caucasian,female
Rosi Campos,White_Caucasian,female
Rosimar de Mello,Latino_Hispanic,female
Rosina Lobosco,White_Caucasian,female
Roumer Calhaes,East_Indian,male
Ruben Gabira,White_Caucasian,female
Rui Rezende,Latino_Hispanic,male
Rui Ricardo Dias,East_Indian,male
Rute Miranda,Black_African_descent,female
Ruth de Souza,Black_African_descent,female
Romulo Delduque,White_Caucasian,female
Romulo Estrela,White_Caucasian,male
Romulo Neto,Latino_Hispanic,male
Sabrina de Souza,Black_African_descent,female
Sabrina Greve,White_Caucasian,female
Sabrina Petraglia,Latino_Hispanic,female
Sabrina Rosa,Latino_Hispanic,female
Sabrina Souza,Black_African_descent,female
Sacha Bali,White_Caucasian,male
Safira Gutierrez,Latino_Hispanic,female
Samantha Schmutz,Latino_Hispanic,female
Samantha Schmutz,Latino_Hispanic,female
Samuel Melo,Black_African_descent,male
Samya Pascotto,White_Caucasian,female
Sandra Barsotti,Latino_Hispanic,female
Sandra Corveloni,Latino_Hispanic,female
Sandro Christopher,Latino_Hispanic,male
Saulo Arcoverde,White_Caucasian,male
Saulo Laranjeira,Black_African_descent,male
Sebastiao Vasconcellos,Latino_Hispanic,male
Selma Egrei,White_Caucasian,female
Selma Reis,Latino_Hispanic,female
Serafim Gonzalez,White_Caucasian,male
Serena Lovatel,White_Caucasian,female
sergio fuize,White_Caucasian,male
Sheila Mattos,Latino_Hispanic,female
Sheron Menezes,Black_African_descent,female
Sheron Menezzes,Black_African_descent,female
Shirley Cruz,Black_African_descent,female
Sidney Magal,White_Caucasian,male
Sidney Sampaio,Latino_Hispanic,male
Sidney Santiago,Black_African_descent,male
Sidy Correa,White_Caucasian,male
Silvero Pereira,Latino_Hispanic,male
Silvia Nobre,East_Indian,female
Silvia Pfeifer,Latino_Hispanic,female
Simon Petracchi,White_Caucasian,male
Simone Gutierrez,Latino_Hispanic,female
Simone Soares,White_Caucasian,female
Simone Spoladore,White_Caucasian,female
Simone Zucato,Latino_Hispanic,female
Sirmar Antunes,Black_African_descent,male
Sofia Loren,White_Caucasian,female
Sofia Terra,White_Caucasian,female
Sokram Sommar,White_Caucasian,male
Solange Badim,White_Caucasian,female
Solange Couto,Latino_Hispanic,female
Sophia Abrahao,White_Caucasian,female
Sophia Roffe,Latino_Hispanic,male
Sophie Charlotte,White_Caucasian,female
Soraya Ravenle,White_Caucasian,female
Stella Freitas,Latino_Hispanic,female
Stella Miranda,White_Caucasian,female
Stepan Nercessian,Latino_Hispanic,male
Sthefany Brito,White_Caucasian,female
Stenio Garcia,White_Caucasian,male
Suely Bispo,Black_African_descent,female
Suely Franco,White_Caucasian,female
Susana Ribeiro,White_Caucasian,female
Susana Vieira,White_Caucasian,female
Susana Werner,White_Caucasian,female
Susanna Kruger,White_Caucasian,female
Suzana Faini,White_Caucasian,female
Suzana Pires,Latino_Hispanic,female
Suzy Rego,Latino_Hispanic,female
Sylbeth Soriano,Latino_Hispanic,female
Sylvia Bandeira,White_Caucasian,female
Sylvia Massari,Latino_Hispanic,male
Sylvia Nazareth,Black_African_descent,female
Sylvio Meanda,White_Caucasian,male
Sefora Rangel,Latino_Hispanic,female
Sergio Abreu,White_Caucasian,male
Sergio Fonta,White_Caucasian,male
Sergio Guize,White_Caucasian,male
Sergio Hondjakoff,White_Caucasian,male
Sergio Malheiros,East_Indian,male
Sergio Mamberti,White_Caucasian,male
Sergio Marone,White_Caucasian,male
Sergio Menezes,Black_African_descent,male
Sergio Rufino,Black_African_descent,male
Sergio Vieira,White_Caucasian,male
Silvia Buarque,White_Caucasian,female
Silvia Pfeifer,Latino_Hispanic,female
Silvia Salgado,Latino_Hispanic,female
Silvio Guindane,Latino_Hispanic,male
Sonia Braga,White_Caucasian,male
Sonia de Paula,Latino_Hispanic,female
Sonia Guedes,White_Caucasian,female
Sonia Siqueira,White_Caucasian,female
Sonia Zagury,White_Caucasian,female
Tadeu di Pietro,White_Caucasian,male
Tadeu Mello,Latino_Hispanic,male
Taina Muller,Latino_Hispanic,female
Talita Fusco,Latino_Hispanic,female
Talita Younan,Latino_Hispanic,female
Tamara Taxman,Latino_Hispanic,female
Tammy Di Calafiori,White_Caucasian,female
Tania Khalill,White_Caucasian,female
Tarciana Saad,White_Caucasian,female
Tarcisio Filho,Latino_Hispanic,male
Tarcisio Meira,White_Caucasian,male
Tatiana Alvim,White_Caucasian,female
Tatiana Tiburcio,Black_African_descent,male
Tato Gabus Mendes,White_Caucasian,male
Tatyane Goulart,Latino_Hispanic,female
Tata Werneck,White_Caucasian,female
Taumaturgo Ferreira,White_Caucasian,male
Tais Araujo,Latino_Hispanic,female
Tais Viana   Tais Grimaldi,Asian,female
Teca Pereira,Black_African_descent,male
Telma Souza,Black_African_descent,female
Teresa Monteiro Castelo,Latino_Hispanic,female
Teuda Bara,Asian,male
Thadeu Matos,Latino_Hispanic,female
Thaiane Maciel,White_Caucasian,female
Thaila Ayala,Latino_Hispanic,female
Thaina Duarte,Black_African_descent,female
Thais Garayp,East_Indian,female
Thais Lago,Latino_Hispanic,female
Thais Muller,White_Caucasian,female
Thalita Carauta,Latino_Hispanic,female
Thalita Lippi,Latino_Hispanic,female
Thalles Cabral,White_Caucasian,male
Thalma de Freitas,Black_African_descent,female
Thamirez Gutierrez,White_Caucasian,male
Thati Lopes,White_Caucasian,female
Thavyne Ferrari,White_Caucasian,female
Thais de Campos,Latino_Hispanic,female
Thais Fersoza,White_Caucasian,female
Thais Garayp,East_Indian,female
Thais Portinho,White_Caucasian,female
Thaissa Carvalho,Latino_Hispanic,female
Thelma Reston,Latino_Hispanic,female
Thelmo Fernandes,White_Caucasian,male
Theo de Almeida Lopes,Latino_Hispanic,female
Theodoro Cochrane,Latino_Hispanic,male
Thereza Piffer,White_Caucasian,female
Thiago Amaral,Asian,male
Thiago de Los Reyes,White_Caucasian,male
Thiago Farias,White_Caucasian,male
Thiago Fragoso,White_Caucasian,male
Thiago Justino,Black_African_descent,male
Thiago Lacerda,White_Caucasian,male
Thiago Luciano,Latino_Hispanic,male
Thiago Martins,White_Caucasian,male
Thiago Mendonca,East_Indian,male
Thiago Oliveira,White_Caucasian,female
Thiago Picchi,White_Caucasian,male
Thiago Rodrigues,White_Caucasian,male
Thiago Thome,Black_African_descent,male
Thiare Maia,White_Caucasian,female
Thomaz Veloso,White_Caucasian,male
Thommy Schiavo,East_Indian,male
Thavyne Ferrari,White_Caucasian,female
Theo Becker,White_Caucasian,male
Tiago Abravanel,Latino_Hispanic,male
Tiago Homci,White_Caucasian,male
Tiago Salomone,White_Caucasian,female
Tina Kara,Latino_Hispanic,female
Titina Medeiros,Latino_Hispanic,female
Tiao D Avila,Latino_Hispanic,male
Tobias Carrieres,White_Caucasian,female
Tomas Sampaio,Asian,male
Tonico Pereira,White_Caucasian,male
Tony Correia,White_Caucasian,male
Tony Garrido,Black_African_descent,male
Tony Ramos,Latino_Hispanic,male
Tony Tornado,Black_African_descent,male
Totia Meireles,White_Caucasian,female
Totia Meirelles,White_Caucasian,female
Triz Pariz,White_Caucasian,female
Tuca Andrada,White_Caucasian,male
Tuna Dwek,Latino_Hispanic,female
Turibio Ruiz,White_Caucasian,male
Tassia Camargo,White_Caucasian,female
Tania Alves,Latino_Hispanic,female
Tania Bondezan,White_Caucasian,female
Tania Khalill,White_Caucasian,female
Tania Khallil,White_Caucasian,female
Tania Toko,Asian,male
Tonia Carrero,White_Caucasian,female
Umberto Magnani,White_Caucasian,male
Val Perre,Black_African_descent,male
Valentina Aguillar,White_Caucasian,female
Valentina Bandeira,White_Caucasian,female
Valentina Herszage,White_Caucasian,female
Valentina Vieira,Asian,female
Valeria Sandalo,Latino_Hispanic,female
Vanessa Gerbelli,Latino_Hispanic,female
Vanessa Giacomo,Latino_Hispanic,female
Vanessa Loes,White_Caucasian,female
Vanessa Machado,Latino_Hispanic,female
Vanessa Pascale,Black_African_descent,female
Vera Ferreira,Latino_Hispanic,female
Vera Fischer,White_Caucasian,female
Vera Holtz,Latino_Hispanic,female
Vera Mancini,Latino_Hispanic,female
Vera Zimmerman,White_Caucasian,female
Vera Zimmermann,White_Caucasian,female
Vergniaud Mendes,White_Caucasian,male
Veronica Debom,Latino_Hispanic,female
Vicentini Gomez,Latino_Hispanic,male
Victor Broz,Latino_Hispanic,male
Victor Fasano,Latino_Hispanic,male
Victor Navega Motta,Latino_Hispanic,male
Victor Pecoraro,White_Caucasian,male
Victor Perales,White_Caucasian,male
Victor Peralles,White_Caucasian,male
Vinicius de Oliveira,Latino_Hispanic,male
Virginia Cavendish,Latino_Hispanic,female
Virginia Rosa,Latino_Hispanic,female
Vitor Davi,White_Caucasian,male
Vitor Figueiredo,White_Caucasian,male
Vitor Morosini,White_Caucasian,male
Vitor Novello,White_Caucasian,male
Vitor Thire,White_Caucasian,male
Vittoria Seixas,White_Caucasian,female
Vitoria Frate,White_Caucasian,male
Vitoria Lovatel,White_Caucasian,female
Vitoria Pina,White_Caucasian,female
Vitoria Strada,Latino_Hispanic,female
Vivian Pimentel,White_Caucasian,female
Viviane Araujo,Latino_Hispanic,female
Viviane Netto,White_Caucasian,female
Viviane Novaes,White_Caucasian,female
Viviane Pasmanter,White_Caucasian,female
Viviane Porto,White_Caucasian,female
Viviane Victorette,White_Caucasian,female
Vivianne Pasmanter,White_Caucasian,female
Vietia Zangrandi,Latino_Hispanic,female
Vladimir Brichta,White_Caucasian,male
Vania de Brito,Latino_Hispanic,female
Wagner Molina,White_Caucasian,male
Wagner Moura,Latino_Hispanic,male
Wagner Santisteban,White_Caucasian,male
Walderez de Barros,White_Caucasian,female
Waldir Gozzi,White_Caucasian,female
Walter Breda,Latino_Hispanic,male
Wandi Doratiotto,Latino_Hispanic,male
Wendell Bendelack,East_Indian,male
Werles Pajero,Latino_Hispanic,female
Werner Schunemann,White_Caucasian,male
Werner Schunemann,White_Caucasian,male
Wilson Cardozo,Latino_Hispanic,female
Wilson de Santos,White_Caucasian,male
Wilson Rabelo,Black_African_descent,male
Wolf Maya,White_Caucasian,male
Xande Valois,White_Caucasian,male
Xando Graca,Latino_Hispanic,female
Xandy Britto,White_Caucasian,male
Xuxa Lopes,Latino_Hispanic,female
Yago Machado,White_Caucasian,male
Yanna Lavigne,Latino_Hispanic,female
Yara Charry,Black_African_descent,female
Yara Lins,White_Caucasian,female
Yasmin Brunet,White_Caucasian,female
Yasmin Garcez,Latino_Hispanic,female
Yasmin Gomlevsky,White_Caucasian,female
Yassir Chediak,Black_African_descent,male
Yacana Martins,White_Caucasian,female
Yeda Dantas,Latino_Hispanic,female
Ygor Marcal,White_Caucasian,female
Yona Magalhaes,Latino_Hispanic,female
Yunes Chami,White_Caucasian,male
Yuri Xavier,White_Caucasian,female
Zecarlos Moreno,Latino_Hispanic,male
Zezeh Barbosa,Black_African_descent,female
Zezita de Matos,White_Caucasian,female
Zeze Motta,Black_African_descent,male
Zeze Polessa,Latino_Hispanic,female
Ze Carlos Machado,White_Caucasian,male
Ze Victor Castiel,White_Caucasian,male
Agatha Moreira,Latino_Hispanic,female
Alamo Faco,East_Indian,male
Angela Dip,Latino_Hispanic,female
Angela Figueiredo,White_Caucasian,female
Angela Leal,Latino_Hispanic,female
Angela Rebello,Latino_Hispanic,female
Angela Vieira,Latino_Hispanic,female
Angelo Antonio,East_Indian,male
Angelo Coimbra,White_Caucasian,male
Angelo Paes Leme,White_Caucasian,male
Elida L Astorina,White_Caucasian,female
Elida Muniz,Latino_Hispanic,female
